COGID	Eryuan	Heqing	Jianchuan	Lanping	Luobenzhuo	Qiliqiao	Xiangyun	Yunlong	Zhoucheng
5263-1	x e ⁵⁵								
452-1	t ɯ ³¹								
4342-1	t ɯ ³¹								
4344-1	tsʰ ɯ ³¹								
5487-1	t ɯ ³¹								
1401-1	pʰ ɔ ⁴⁴								
6496-1	tsʰ ɯ ³¹								
1064-1	n a ³⁵								
1065-1	ts ɿ ³¹								
6617-1	t ɔ ²¹								
4367-1	t a ²¹								
4378-1	ɕ y ⁵⁵								
4379-1	l i ⁵⁵								
3984-1	ʂ ɛ ³³								
5086-1	ts ɤ ³³								
3333-1	ʂ e ⁴⁴								
2226-1	x ɔ ³⁵								
2373-1	kʰ ɔ ³³								
2363-1	ʂ ɔ ⁵⁵								
672-1	tsʰ ɿ ⁵⁵								
673-1	k ɯ ³¹								
2690-1	p ɔ ²¹								
6337-1	pʰ a ³³								
6319-1	ʈʂ e ⁴²								
2617-1	ʂ ɯ ³³								
2066-1	ʂ ɯ ³³								
2094-1	ʂ ɯ ³³								
2096-1	kʲ ɛ ⁴⁴								
798-1	p a ⁴²								
6668-1	ɕ y ³³								
4028-1	t e ⁴⁴								
6555-1	k w a ⁴⁴								
2281-1	k o ⁴⁴								
701-1	k w a ⁴⁴								
628-1	s w a ⁴⁴								
3096-1	ts ɿ ³³								
3021-1	ʈʂ ɔ ²¹								
2708-1	ɕ i ⁵⁵								
3462-1	k a ³⁵								
1932-1	s ɿ ³³								
6469-1	s ɿ ⁵⁵								
4454-1	ɲ i ²¹								
4455-1	kʲ ɛ ³⁵								
6926-1	ɲ ɤ ³³								
6927-1	ɲ i ²¹								
3916-1	m ɔ ³³								
6822-1	ɲ i ²¹								
5417-1	ts ɿ ³³								
1959-1	x a ³¹								
1960-1	t ɤ ⁵⁵								
2899-1	x ɔ ²¹								
3651-1	ts ɿ ³³								
811-1	k u ²¹								
1633-1	m e ²¹								
1775-1	k ɤ ³¹								
5801-1	kʲ ɛ ⁴²								
4769-1	l ɔ ³¹								
3720-1	k a ³⁵								
6446-1	m e ³³								
1255-1	pʰ ɛ ⁵⁵								
3595-1	ɲ i ⁴⁴								
1600-1	p e ³³								
242-1	ts ɿ ³⁵								
3739-1	kʲ ɛ ²¹								
5984-1	ʈʂ ɔ ²¹								
838-1	ʂ o ³⁵								
839-1	t ɔ ²¹								
3149-1	j i ⁵⁵								
2829-1	ʈʂ ɔ ²¹								
4602-1	kʲ i ³⁵								
5225-1	l ɔ ²¹								
3933-1	ʂ ɤ ⁴²								
5763-1	ts ɔ ⁴²								
2134-1	ɕ i ⁵⁵								
5724-1	t ɯ ³⁵								
5704-1	ʈʂ o ⁴²								
5705-1	kʰ w e ⁵⁵								
5037-1	tɕ i ²¹								
5038-1	t a ³⁵								
4332-1	ts ɿ ³³								
5447-1	ʈʂʰ ɛ ⁵⁵								
3702-1	s ɿ ³¹								
1549-1	z ɿ ²¹								
2394-1	k ɤ ³³								
1-1	w e ⁴²								
2947-1	t ɯ ³¹								
4653-1	kʲ ɛ ⁴²								
4989-1	kʲ ɛ ⁴²								
3749-1	j o ⁴⁴								
3452-1	kʲ ɛ ⁵⁵								
598-1	ŋ a ⁴⁴								
638-1	pʰ ɯ ⁵⁵								
2819-1	p o ⁴⁴								
4477-1	kʰ w a ⁴⁴								
4487-1	ts ɿ ⁴²								
4666-1	kʲ i ³³								
5661-1	t a ⁴²								
4923-1	ʈʂ ɛ ⁴²								
4913-1	k ɯ ²¹								
1143-1	m ɛ ⁴⁴								
4864-1	ɕ ɔ ³⁵								
3184-1	ʂ ɯ ³³								
4591-1	ts ɔ ⁴⁴								
1431-1	ʂ ɛ ⁴⁴								
3323-1	kʲʰ e ⁵⁵								
6709-1	ʈʂ ɯ ⁴⁴								
903-1	m ɛ ⁴²								
5098-1	k ɯ ²¹								
5994-1	k a ³⁵								
6971-1	s w a ⁴⁴								
763-1	ʈʂ ɯ ³⁵								
691-1	x w a ⁴⁴								
1083-1	t ɔ ⁴²								
1421-1	kʲ ɛ ⁴²								
6699-1	t ɯ ⁴²								
2628-1	s ɔ ⁵⁵								
1696-1	x ɔ ³¹								
6179-1	kʲ ɛ ⁵⁵								
6180-1	ts ɿ ⁵⁵								
6658-1	s e ³³								
1231-1	s ɤ ³¹								
4265-1	kʰ ɯ ⁵⁵								
2787-1	ts ɔ ²¹								
3247-1	ts ɿ ⁵⁵								
252-1	t a ³⁵								
6004-1	k a ³¹								
4728-1	s a ⁵⁵								
3843-1	ŋ w a ⁴⁴								
4965-1	tsʰ a ²¹								
5641-1	t a ³¹								
3280-1	s ɔ ³³								
1390-1	kʰ ɔ ⁴⁴								
2156-1	ŋ w a ⁴⁴								
3433-1	ɕ i ³¹								
552-1	ɕ i ³¹								
4845-1	ʈʂ ɯ ⁴⁴								
4846-1	t ɯ ⁴⁴								
2292-1	m ɛ ³¹								
6635-1	ɲ ɔ ⁴⁴								
3994-1	t ɯ ⁴⁴								
3031-1	ʈʂ ɔ ³³								
6078-1	ts ɯ ³³								
1644-1	tʰ ɯ ⁵⁵								
2435-1	ɲ i ⁴⁴								
1676-1	t w a ⁴²								
6281-1	kʲ ɛ ⁵⁵								
5915-1	tsʰ ɿ ⁵⁵								
1560-1	ɕ i ³³								
575-1	t ɔ ³¹								
5319-1	s e ³¹								
2797-1	k a ³⁵								
6991-1	tɕ i ²¹								
3513-1	ʈʂ ɔ ²¹								
5205-1	tsʰ ɯ ⁵⁵								
6109-1	tsʰ u ⁵⁵								
2056-1	m ɔ ⁴²								
6099-1	k ɯ ³³								
6119-1	p ɔ ⁴²								
1978-1	t w e ³³								
3973-1	tɕ i ³⁵								
2046-1	ɕ u ³³								
5622-1	ɕ ɛ ⁵⁵								
648-1	tɕʰ ɛ ⁵⁵								
6789-1	p ɛ ⁴²								
618-1	x ɯ ⁴⁴								
2384-1	m a ³³								
1124-1	k a ³⁵								
1125-1	tɕ ɯ ⁴²								
4178-1	k u ³³								
1686-1	k a ³⁵								
1495-1	ts ɿ ³³								
4090-1	ɕ i ⁵⁵								
4802-1	x ɛ ⁵⁵								
1764-1	ts ɔ ³³								
3270-1	m e ³³								
1884-1	kʲ i ⁴²								
1203-1	k ɯ ³⁵								
6645-1	w e ³⁵								
608-1	kʰ u ³³								
2889-1	tɕʰ i ⁵⁵								
5350-1	ʈʂʰ u ³¹								
6158-1	kʰ a ⁴⁴								
4306-1	s ɤ ³¹								
4891-1	k ɔ ²¹								
6436-1	k ɔ ³³								
6213-1	s a ⁵⁵								
2320-1	ɕ i ⁴⁴								
5253-1	f ɤ ⁴⁴								
5108-1	tɕʰ i ⁴⁴								
4100-1	tɕ ɯ ³³								
6018-1	ts ɿ ⁴²								
1352-1	ŋ ɯ ²¹								
4228-1	p ɛ ⁴⁴								
4247-1	tɕʰ i ⁵⁵								
75-1	ts ɯ ³³								
118-1	k w a ⁴⁴								
2866-1	m ɛ ³³								
64-1	kʰ ɔ ³³								
43-1	kʰ ɔ ⁵⁵								
128-1	ŋ ɔ ³¹								
7023-1	n ɔ ³¹								
7012-1	n a ⁵⁵								
4497-1	t e ⁴²								
2928-1	t i ⁵⁵								
148-1	ɣ ɯ ³³								
1623-1	kʰ ɔ ³³								
2648-1	tʰ ɔ ⁵⁵								
2649-1	l ɔ ⁴⁴								
6242-1	l ɔ ²¹								
3943-1	ʂ ɤ ³³								
1026-1	kʲ e ³⁵								
6404-1	k ɯ ⁵⁵								
585-1	ts ɔ ⁵⁵								
1731-1	w a ⁴²								
5510-1	l ɔ ³⁵								
5360-1	kʰ ɤ ³³								
879-1	k ɔ ⁵⁵								
880-1	l ɛ ⁴⁴								
271-1	p i ²¹								
3565-1	ɕ i ⁴⁴								
3896-1	m ɔ ⁴⁴								
3897-1	ts ɿ ³³								
1816-1	ʈʂ ɤ ²¹								
3343-1	tɕ i ⁴⁴								
1864-1	s e ⁴²								
2026-1	m a ²¹								
6223-1	x e ⁵⁵								
6224-1	m ɛ ²¹								
337-1	ʈʂ ɤ ⁴⁴								
4295-1	k ɔ ²¹								
384-1	m i ³⁵								
385-1	z ɔ ²¹								
869-1	k ɤ ²¹								
2745-1	s ɯ ³³								
4690-1	k w a ⁵⁵								
4423-1	s u ³⁵								
5380-1	s w e ⁴⁴								
4436-1	ts ɿ ²¹								
2519-1	tsʰ ɔ ³³								
4975-1	m e ⁴²								
4548-1	w a ⁴²								
4397-1	p e ²¹								
6203-1	tɕʰ i ³¹								
2689-1	t ɯ ²¹								
2599-1	t ɯ ²¹								
2600-1	m a ³⁵								
1913-1	tɕ y ³³								
1914-1	ŋ w e ³³								
1903-1	ŋ w e ³³								
6336-1	tsʰ ɿ ³³								
473-1	u ²¹								
4065-1	kʲ ɛ ³⁵								
6554-1	j i ³⁵								
3114-1	ts e ⁴⁴								
4942-1	k ɤ ³⁵								
3615-1	pʰ j a ⁴⁴								
4197-1	k u ³³								
4198-1	ɲ i ²¹								
1474-1	ɲ ɤ ³³								
6531-1	j ɯ ⁴⁴								
4954-1	tʰ ɔ ³³								
4517-1	ʈʂ ɯ ³³								
1173-1	j i ³⁵								
6365-1	k w a ³⁵								
6730-1	tɕ i ³¹								
6380-1	kʲ i ³⁵								
924-1	m ɔ ⁵⁵								
752-1	kʲ i ²¹								
4316-1	p i ³¹								
5181-1	ŋ e ²¹								
5785-1	pʰ u ³¹								
4770-1	p ɔ ³¹								
2755-1	p ɔ ⁴²								
1298-1	x ɛ ⁵⁵								
784-1	tsʰ a ⁵⁵								
3596-1	t ɯ ³¹								
1799-1	tɕ i ³¹								
5007-1	p i ³⁵								
5465-1	x ɛ ⁵⁵								
170-1	ts ɤ ³³								
3150-1	t a ⁵⁵								
3780-1	ŋ w e ⁴²								
1706-1	kʲ i ³⁵								
403-1	p a ³¹								
5329-1	kʲ e ⁴²								
1103-1	ʈʂ ɤ ³¹								
1113-1	z ɿ ²¹								
232-1	tɕʰ i ⁵⁵								
5925-1	ʈʂ ɛ ³⁵								
5926-1	ts ɿ ³³								
5723-1	p a ⁴²								
3064-1	ʈʂ ɔ ⁴²								
3065-1	kʰ ɯ ³⁵								
3793-1	kʲ ɛ ⁴²								
4409-1	f ɤ ⁴⁴								
720-1	s ɤ ³⁵								
721-1	tsʰ w ɛ ⁴⁴								
2266-1	kʰ ɤ ⁴⁴								
5743-1	k u ³¹								
2124-1	x w e ³³								
6947-1	t ɔ ²¹								
5448-1	kʲʰ i ⁴⁴								
4016-1	m j ɛ ³⁵								
5429-1	m ɛ ³¹								
5813-1	kʲʰ i ⁴⁴								
3813-1	ts e ²¹								
3009-1	p ɯ ²¹								
4988-1	ɣ ɯ ⁴²								
1153-1	m i ³⁵								
530-1	ɣ ɯ ³³								
1854-1	j ɯ ⁴⁴								
4812-1	z ɔ ²¹								
3355-1	p i ³⁵								
6426-1	tsʰ ɔ ⁴⁴								
5027-1	s a ⁴⁴								
4707-1	m a ³⁵								
3139-1	k ɤ ²¹								
6595-1	p e ⁴⁴								
5243-1	k ɤ ⁴²								
5274-1	ʈʂʰ ɛ ³³								
6578-1	ɕ ɛ ⁵⁵								
1612-1	ts ɯ ⁵⁵								
3183-1	ts ɔ ⁴²								
4559-1	ts ɤ ⁴²								
4718-1	x a ⁵⁵								
2036-1	w e ⁴²								
3853-1	m i ⁵⁵								
3854-1	ŋ w a ⁴⁴								
4275-1	ŋ w a ⁴⁴								
6961-1	w ɛ ⁴²								
5651-1	ʈʂ ɤ ³³								
5682-1	tsʰ u ³³								
5118-1	ts e ³⁵								
1411-1	tsʰ w a ³³								
4507-1	ʈʂ e ³³								
4824-1	ʂ ɯ ³⁵								
3246-1	n a ²¹								
317-1	p j ɛ ⁴⁴								
2215-1	m u ²¹								
2016-1	kʲ ɛ ³⁵								
2155-1	ʈʂ ɛ ³⁵								
3575-1	k ɔ ²¹								
3434-1	x w a ³⁵								
3168-1	s e ³³								
2291-1	pʰ ɛ ³³								
6148-1	m i ³³								
5058-1	ŋ w a ⁴⁴								
6271-1	pʰ j a ⁴⁴								
1483-1	ɲ i ⁴⁴								
5370-1	ts e ⁴²								
3684-1	t ɛ ⁴⁴								
3685-1	f ɛ ⁴⁴								
3664-1	v ɤ ³³								
440-1	p ɛ ³¹								
5167-1	j u ³¹								
6282-1	ɲ i ⁴⁴								
1380-1	m ɛ ²¹								
3585-1	p i ³³								
6992-1	ɲ i ⁴⁴								
5623-1	ɣ ɔ ³³								
1519-1	ɲ i ⁴⁴								
3385-1	tsʰ ɛ ⁵⁵								
2718-1	ʈʂ ɤ ³³								
6300-1	m e ⁵⁵								
1496-1	ɲ i ⁴⁴								
5128-1	j i ³¹								
1885-1	t ɔ ³¹								
3873-1	kʲʰ ɛ ⁵⁵								
996-1	pʰ i ⁵⁵								
997-1	j i ⁴⁴								
1570-1	n a ³¹								
5475-1	s w a ⁵⁵								
5017-1	tsʰ ɔ ³¹								
2330-1	ɕ ɔ ³⁵								
6252-1	ʂ ɔ ³⁵								
6253-1	kʰ u ³³								
4216-1	j i ⁴⁴								
1874-1	p j a ⁴⁴								
4227-1	a ³¹								
4246-1	a ³¹								
6028-1	a ³¹								
95-1	ɲ i ²¹								
22-1	p e ²¹								
33-1	t ɯ ²¹								
6678-1	ŋ a ⁵⁵								
5263-2		xʰ ẽ ⁵⁵							
452-2		t ɯ ³¹							
4342-2		t ɯ ³¹							
4344-2		tsʰ ɯ ³²							
5487-2		t ɯ ³¹							
1401-2		pʰ ɔu ⁴⁴							
6496-2		tsʰ ɯ ³¹							
1064-2		l a ³⁵							
1065-2		ts ɿ ³³							
6617-2		t ɔ ²¹							
4367-2		t a ²¹							
4378-2		ɕ y ⁵⁵							
4379-2		l i ⁵⁵							
3984-2		sʰ ɿ ³³							
5086-2		ts w ɔ̃ ³³							
3333-2		sʰ e ⁴⁴							
2226-2		x w ɔ ³⁵							
2373-2		kʰ w ɔ ³³							
2363-2		sʰ ɔu ⁵⁵							
672-2		tsʰ ɿ ⁵⁵							
673-2		k ɯ ³¹							
2690-2		p ɔ ²¹							
6337-2		p a ⁴⁴							
6319-2		ts e ⁴²							
2617-2		sʰ ɯ ³³							
2066-2		sʰ ɯ ³³							
2094-2		sʰ ɯ ³³							
2096-2		k ɛ ⁴²							
798-2		p a ⁴²							
6668-2		ɕ y ³³							
4028-2		t e ⁴⁴							
6555-2		k w a ⁴⁴							
2281-2		k ou ⁴⁴							
701-2		k w a ⁴⁴							
628-2		sʰ w a ⁴⁴							
3096-2		ts ɿ ³³							
3021-2		ts ɔ̃u ²¹							
2708-2		ɕʰ ĩ ⁵⁵							
3462-2		k ã ⁵⁵							
1932-2		s ɿ ³³							
6469-2		sʰ ɔu ³¹							
4454-2		j ĩ ²¹							
4455-2		k ɛ̃ ³⁵							
6926-2		j õ ³³							
6927-2		j ĩ ²¹							
3916-2		m ɔu ³³							
6822-2		t j ɯ ²¹							
5417-2		ts ɿ ³³							
1959-2		xʰ ɔu ³¹							
1960-2		t w ɔ̃ ³⁵							
2899-2		xʰ ɔu ³¹							
3651-2		ts ɿ ³³							
811-2		k u ²¹							
1633-2		m e ²¹							
1775-2		k ɔ̃u ⁴²							
5801-2		k ɛ ⁴²							
4769-2		l ɔu ³¹							
3720-2		k ã ⁵⁵							
6446-2		m e ³³							
1255-2		pʰ ɛ ⁵⁵							
3595-2		j ĩ ⁴⁴							
1600-2		p ẽ ³³							
242-2		ts ɿ ⁵⁵							
3739-2		k ɛ ²¹							
5984-2		ts ɔu ²¹							
838-2		s ɔu ³⁵							
839-2		t ɔu ²¹							
3149-2		j i ⁵⁵							
2829-2		ts w ɔ ²¹							
4602-2		tɕ i ⁵⁵							
5225-2		l ɔu ²¹							
3933-2		s w ɔ ⁴²							
5763-2		ts ɔu ⁴²							
2134-2		ɕʰ ĩ ⁵⁵							
5724-2		t ɯ̃ ⁵⁵							
5704-2		ts ou ⁴²							
5705-2		kʰ w e ⁵⁵							
5037-2		tɕʰ i ³¹							
5038-2		t ã ³⁵							
4332-2		ts ɿ ³³							
5447-2		tsʰ ɛ̃ ⁵⁵							
3702-2		s ɿ ³¹							
1549-2		z ɛ̃ ²¹							
2394-2		k w ɔ ³³							
1-2		w e ⁴²							
2947-2		t ɯ ²¹							
4653-2		k ɛ ⁴²							
4989-2		k ɛ ⁴²							
3749-2		j ɔu ⁴⁴							
3452-2		tɕʰ ɛ̃ ⁵⁵							
598-2		ŋ a ⁴⁴							
638-2		pʰ ɯ ⁵⁵							
2819-2		p ɔu ⁴⁴							
4477-2		kʰ w a ⁴⁴							
4487-2		ts ɿ ⁴²							
4666-2		kʰ a ³³							
5661-2		t a ⁴²							
4923-2		ts ɛ̃ ⁴²							
4913-2		k ɯ ²¹							
1143-2		m ɛ ⁴⁴							
4864-2		ɕ ã ⁵⁵							
3184-2		sʰ ɯ ³³							
4591-2		ts ou ⁴⁴							
1431-2		sʰ ɛ ⁴⁴							
3323-2		k e ⁵⁵							
6709-2		ts ɯ ⁴⁴							
903-2		m ɛ ⁴²							
5098-2		k ɯ ²¹							
5994-2		k ã ⁵⁵							
6971-2		sʰ w a ⁴⁴							
763-2		ts ɯ̃ ⁵⁵							
691-2		x w a ⁴⁴							
1083-2		t ɔu ⁴²							
1421-2		k ɛ̃ ⁴²							
6699-2		t ɯ̃ ⁴²							
2628-2		sʰ ɔ̃u ⁵⁵							
1696-2		xʰ ɔu ³¹							
6179-2		k ɛ ⁵⁵							
6180-2		ts ɿ ⁵⁵							
6658-2		sʰ e ³³							
1231-2		s w ɔ ³¹							
4265-2		kʰ ɯ ⁵⁵							
2787-2		ts ɔ̃u ²¹							
3247-2		ts ɿ ⁵⁵							
252-2		t a ⁵⁵							
6004-2		k a ³¹							
4728-2		s w a ⁴⁴							
3843-2		w ã ⁴⁴							
4965-2		tɕʰ ã ³¹							
5641-2		t a ³¹							
3280-2		ɕʰ i ³¹							
1390-2		k w ɔ ⁵⁵							
2156-2		w ã ⁴⁴							
3433-2		ɕʰ i ³¹							
552-2		ɕʰ ĩ ³¹							
4845-2		ts ɯ ⁴⁴							
4846-2		t ɯ ⁴⁴							
2292-2		m u ³³							
6635-2		j ɔ̃u ⁴⁴							
3994-2		t ɯ ⁴⁴							
3031-2		ts a ³³							
6078-2		ts ɯ ³³							
1644-2		tʰ ɯ ⁵⁵							
2435-2		j ĩ ⁴⁴							
1676-2		t w a ⁴²							
6281-2		k ẽ ³⁵							
5915-2		tsʰ ɿ̃ ⁵⁵							
1560-2		ɕ i ³³							
575-2		t ɔu ⁴²							
5319-2		sʰ e ³¹							
2797-2		k ã ⁵⁵							
6991-2		tɕ ĩ ²¹							
3513-2		ts ɔu ²¹							
5205-2		tsʰ ɯ ⁵⁵							
6109-2		tsʰ u ⁵⁵							
2056-2		m a ⁴²							
6099-2		k ɯ̃ ³¹							
6119-2		p ɔu ⁴²							
1978-2		t w ẽ ³³							
3973-2		tɕ i ⁵⁵							
2046-2		ɕ u ³³							
5622-2		ɕʰ ɛ̃ ⁵⁵							
648-2		tɕʰ ɛ̃ ⁵⁵							
6789-2		p ɛ ⁴²							
618-2		x ɯ ⁴⁴							
2384-2		m a ³³							
1124-2		k ã ⁵⁵							
1125-2		tɕ ɯ ⁴²							
4178-2		k u ³³							
1686-2		k ã ⁵⁵							
1495-2		ts ɿ ³³							
4090-2		ɕʰ ĩ ⁵⁵							
4802-2		xʰ ɛ ⁵⁵							
1764-2		ts u ³³							
3270-2		m e ³³							
1884-2		k ɛ ⁴²							
1203-2		k ɯ ⁵⁵							
6645-2		w ẽ ⁵⁵							
608-2		kʰ u ³³							
2889-2		tɕʰ ĩ ⁵⁵							
5350-2		tsʰ u ³¹							
6158-2		kʰ a ⁴⁴							
4306-2		sʰ w ɔ̃ ³¹							
4891-2		k ɔ ²¹							
6436-2		k ɔ̃u ³³							
6213-2		sʰ ã ⁵⁵							
2320-2		ɕ i ⁴⁴							
5253-2		f ɤ ⁴⁴							
5108-2		tɕʰ i ⁴⁴							
4100-2		tɕ ɯ ³³							
6018-2		ts ɿ ⁴²							
1352-2		ŋ ɯ ²¹							
4228-2		p ɛ ⁴⁴							
4247-2		tɕʰ ĩ ⁵⁵							
75-2		ts ɿ ³³							
118-2		k w a ⁴⁴							
2866-2		m ɛ ³³							
64-2		kʰ w ɔ ³³							
43-2		kʰ ɔu ⁵⁵							
128-2		ŋ ɔ ³¹							
7023-2		n ɔ ³¹							
7012-2		n a ⁵⁵							
4497-2		t e ⁴²							
2928-2		tɕ i ⁵⁵							
148-2		ɣ ɯ ³³							
1623-2		kʰ w ã ³³							
2648-2		tʰ ou ³⁵							
2649-2		l ou ³³							
6242-2		l ɔ ²¹							
3943-2		s w ɔ ³³							
1026-2		k e ³⁵							
6404-2		k u ⁵⁵							
585-2		ts ou ⁴⁴							
1731-2		w a ⁴²							
5510-2		l a ⁵⁵							
5360-2		kʰ w ɔ ³³							
879-2		k ou ³⁵							
880-2		l ɛ ⁴⁴							
271-2		p i ²¹							
3565-2		ɕ i ⁴⁴							
3896-2		m ɔu ⁴⁴							
3897-2		ts ɿ ³³							
1816-2		ts w ɔ̃ ²¹							
3343-2		tɕ i ⁴⁴							
1864-2		s ẽ ⁴²							
2026-2		m a ²¹							
6223-2		xʰ ẽ ⁵⁵							
6224-2		m ɛ ²¹							
337-2		ts w ɔ ⁴⁴							
4295-2		k w ɔ ²¹							
384-2		m i ⁵⁵							
385-2		z ɔu ³¹							
869-2		k w ɔ ²¹							
2745-2		s ɿ ³³							
4690-2		k w a ⁵⁵							
4423-2		s u ⁵⁵							
5380-2		sʰ w e ⁴⁴							
4436-2		ts ɿ ²¹							
2519-2		tsʰ u ³³							
4975-2		m i ⁴⁴							
4548-2		w a ⁴²							
4397-2		p e ²¹							
6203-2		tɕʰ i ³¹							
2689-2		t ɯ ²¹							
1913-2		ts õu ³³							
1914-2		w ẽ ³³							
1903-2		w ẽ ³³							
6336-2		tsʰ ɿ ³³							
473-2		u ²¹							
6554-2		j i ⁵⁵							
3114-2		ts e ⁴⁴							
4942-2		k ɔ̃ ⁵⁵							
3615-2		pʰ j a ⁴⁴							
4197-2		k u ³³							
4198-2		j ĩ ²¹							
1474-2		j ɔ̃ ³³							
6531-2		j ɯ ⁴⁴							
4954-2		tʰ u ³³							
4517-2		ts ɯ ³³							
1173-2		j i ³⁵							
6365-2		k w ã ⁵⁵							
6730-2		tɕ i ³¹							
6380-2		tɕ i ⁵⁵							
924-2		m ɔu ⁴⁴							
752-2		tɕ ĩ ²¹							
4316-2		p i ³¹							
5181-2		ŋ ɛ ²¹							
5785-2		pʰ u ³¹							
4770-2		p ɔu ³¹							
2755-2		p ɔu ⁴²							
1298-2		xʰ ɛ ⁵⁵							
784-2		tsʰ ã ⁵⁵							
3596-2		t ɯ ³¹							
1799-2		tɕ i ³¹							
5007-2		p ĩ ³⁵							
5465-2		x ɛ̃ ³⁵							
170-2		ts w ɔ̃ ³³							
3150-2		t ã ⁵⁵							
3780-2		w ɛ ⁴²							
403-2		p ã ²¹							
5329-2		k ɛ ⁴²							
1103-2		ts w ɔ ³¹							
1113-2		z ɛ ²¹							
232-2		tɕʰ i ⁵⁵							
5925-2		ts ɛ ⁵⁵							
5926-2		ts ɿ ³³							
5723-2		p ã ⁴²							
3064-2		ts ɔu ⁴²							
3065-2		k ɯ ⁵⁵							
3793-2		k ɛ̃ ⁴²							
1215-2		s u ⁵⁵							
4409-2		f ɤ ⁴⁴							
720-2		s w ɔ ³⁵							
721-2		tɕʰ w ɛ ⁴⁴							
2266-2		k w ɔ ⁴⁴							
5743-2		k u ³¹							
2124-2		xʰ w e ³³							
6947-2		t ɔ̃ ²¹							
5448-2		tɕʰ i ⁴⁴							
4016-2		m j ɛ ³⁵							
5429-2		m ɛ ³¹							
5813-2		tɕʰ i ⁴⁴							
2949-2		m i ⁴²							
3813-2		tɕʰ ẽ ³⁵							
3009-2		p ɯ ²¹							
4988-2		ɣ ɯ ⁴²							
1153-2		m e ³⁵							
530-2		ɣ ɯ ³³							
1854-2		j ɯ ⁴⁴							
4812-2		ɣ ɯ ⁴²							
3355-2		p i ⁵⁵							
6426-2		s ou ⁴⁴							
5027-2		s a ⁴⁴							
4707-2		m a ⁵⁵							
3139-2		k w ɔ ²¹							
6595-2		p e ⁴⁴							
5243-2		k w ɔ ⁴²							
5274-2		tsʰ ɛ̃ ³³							
6578-2		ɕʰ ɛ ⁵⁵							
1612-2		ts ɿ ⁵⁵							
3183-2		ts ɔu ⁴²							
4559-2		ts w ɔ̃ ⁴²							
4718-2		xʰ ã ⁵⁵							
2036-2		w e ⁴²							
3853-2		m i ³⁵							
3854-2		w ã ⁴⁴							
4275-2		w ã ⁴⁴							
6961-2		v ɛ ⁴²							
5651-2		ts w ɔ ³³							
5682-2		tsʰ u ³³							
5118-2		ts ẽ ⁵⁵							
1411-2		tsʰ w ã ³³							
4507-2		ts ẽ ³³							
4824-2		s ɯ ⁵⁵							
3246-2		n a ²¹							
317-2		p j ɛ ⁴⁴							
2215-2		m ɯ ²¹							
2016-2		k ɛ̃ ⁵⁵							
2155-2		ts ɛ̃ ³⁵							
3575-2		k w ɔ ²¹							
3434-2		x w ã ⁵⁵							
3168-2		s e ³³							
2291-2		pʰ ɯ ³³							
6148-2		m i ³³							
5058-2		w ã ⁴⁴							
6271-2		pʰ j a ⁴⁴							
2453-2		tɕʰ i ⁴⁴							
1483-2		j ĩ ⁴⁴							
5370-2		ts e ⁴²							
3684-2		t ɛ ⁴⁴							
3685-2		f ɛ̃ ⁴⁴							
3664-2		f ɤ ³³							
440-2		p ɛ̃ ³¹							
5167-2		j u ³¹							
6282-2		j ĩ ⁴⁴							
1380-2		m ɛ ²¹							
3585-2		p i ³³							
6992-2		j ĩ ⁴⁴							
5623-2		kʰ ɔ ³³							
1519-2		j ĩ ⁴⁴							
3385-2		tsʰ ɛ̃ ⁵⁵							
2718-2		ts w ɔ̃ ³³							
6300-2		m ɛ ³⁵							
1496-2		j ĩ ⁴⁴							
5128-2		j i ³¹							
1885-2		t ɔu ⁴²							
3873-2		kʰ ɛ ⁵⁵							
996-2		pʰ i ⁵⁵							
997-2		j i ⁴⁴							
1570-2		n a ²¹							
5475-2		sʰ w ã ⁵⁵							
5017-2		tsʰ ou ³¹							
2330-2		ɕ õu ⁵⁵							
6252-2		s ou ⁵⁵							
6253-2		kʰ u ³³							
4216-2		j i ⁴⁴							
1874-2		p j a ⁴⁴							
4227-2		a ³¹							
4246-2		a ³¹							
6028-2		a ³¹							
95-2		j i ²¹							
22-2		p e ²¹							
33-2		t ɯ ²¹							
6678-2		ŋ a ⁵⁵							
5263-3			x ẽ ⁵⁵						
452-3			t ɯ ²¹						
4342-3			t ɯ ²¹						
4344-3			ts ɿ ³³						
5487-3			t ɯ ²¹						
1401-3			pʰ o ⁴⁴						
6496-3			tsʰ ɯ ³¹						
1064-3			l a ³⁵						
1065-3			ts ɿ ³³						
6617-3			t ou ²¹						
4367-3			t a ²¹						
4378-3			ɕ y ⁵⁵						
4379-3			l i ⁵⁵						
3984-3			s ɛ̃ ³³						
5086-3			ts ɤ̃ ³³						
3333-3			s e ⁴⁴						
2226-3			x ou ⁵⁵						
2373-3			k ou ³³						
2363-3			s õ ⁵⁵						
672-3			tsʰ ɛ̃ ⁵⁵						
673-3			kʰ ɯ ³¹						
2690-3			p o ²¹						
6337-3			p a ⁴⁴						
6319-3			ts e ⁴²						
2617-3			s ɯ ³³						
2066-3			s ɯ ³³						
2094-3			s ɯ ³³						
2096-3			k ɛ ⁴⁴						
798-3			p a ⁴²						
6668-3			ɕ y ³³						
4028-3			t e ⁴⁴						
6555-3			k w a ⁴⁴						
2281-3			k ou ⁴⁴						
701-3			k w a ⁴⁴						
628-3			s w a ⁴⁴						
3096-3			ts ɿ ³³						
3021-3			ts õ ²¹						
2708-3			ɕ ĩ ⁵⁵						
3462-3			k ã ⁵⁵						
1932-3			s ɿ ³³						
6469-3			s ou ²¹						
4454-3			j ĩ ²¹						
4455-3			k ɛ̃ ⁵⁵						
6926-3			j ɤ̃ ³³						
6927-3			j ĩ ²¹						
3916-3			m o ³³						
6822-3			j ĩ ²¹						
5417-3			ts ɿ ³³						
1959-3			x a ³¹						
1960-3			t ɤ ⁵⁵						
2899-3			x ou ²¹						
3651-3			ts ɿ ³³						
811-3			k u ²¹						
1633-3			m e ²¹						
1775-3			k õ ²¹						
5801-3			k ɛ ⁴²						
4769-3			l ou ³¹						
3720-3			k ã ⁵⁵						
6446-3			m e ³³						
1255-3			pʰ ɛ ⁵⁵						
3595-3			j ĩ ⁴⁴						
1600-3			p ẽ ³³						
242-3			ts ɿ ⁵⁵						
3739-3			k ɛ ²¹						
5984-3			ts ou ²¹						
838-3			s o ⁵⁵						
839-3			t o ²¹						
3149-3			j i ⁵⁵						
2829-3			ts ɤ ²¹						
4602-3			tɕ ĩ ⁵⁵						
5225-3			l ou ²¹						
3933-3			s ɤ ⁴²						
5763-3			ts ou ⁴²						
2134-3			ɕ ĩ ⁵⁵						
5724-3			t ɯ ⁵⁵						
5704-3			tɕ o ⁴²						
5705-3			kʰ w e ⁵⁵						
5037-3			tɕ i ²¹						
5038-3			t a ⁵⁵						
4332-3			ts ɿ ³³						
5447-3			tsʰ ɛ̃ ⁵⁵						
3702-3			s ɛ ³¹						
1549-3			s ɛ̃ ³¹						
2394-3			k ɤ ³³						
1-3			v e ⁴²						
2947-3			t ɛ ²¹						
4653-3			k ɛ ⁴²						
4989-3			k ɛ ⁴²						
3749-3			j o ⁴⁴						
3452-3			tɕʰ ɛ̃ ⁵⁵						
598-3			ŋ a ⁴⁴						
638-3			pʰ ɯ ⁵⁵						
2819-3			p o ⁴⁴						
4477-3			kʰ w a ⁴⁴						
4487-3			ts ɛ̃ ⁴²						
4666-3			tɕ i ³³						
5661-3			t a ⁴²						
4923-3			ts ɛ ⁴²						
4913-3			k ɯ ²¹						
1143-3			m ɛ ⁴⁴						
4864-3			ɕ ã ⁵⁵						
3184-3			s ɯ ³³						
4591-3			ts ou ⁴⁴						
1431-3			s ɛ ⁴⁴						
3323-3			kʰ e ⁵⁵						
6709-3			ts ɿ ⁵⁵						
903-3			m ɛ ⁴²						
5098-3			k ɯ ²¹						
5994-3			k ã ⁵⁵						
6971-3			s w a ⁴⁴						
763-3			ts ɯ̃ ⁵⁵						
691-3			x w a ⁴⁴						
1083-3			t õ ⁴²						
1421-3			k ɛ ⁴²						
6699-3			t ɯ ⁴²						
2628-3			s õ ⁵⁵						
1696-3			x ou ³¹						
6179-3			k ɛ ⁵⁵						
6180-3			ts ɿ ⁵⁵						
6658-3			s e ³³						
1231-3			s ɤ̃ ³¹						
4265-3			kʰ ɯ ⁵⁵						
2787-3			ts õ ²¹						
3247-3			ts ɿ ⁵⁵						
252-3			t a ⁵⁵						
6004-3			k a ³¹						
4728-3			s a ⁵⁵						
3843-3			w ã ⁴⁴						
4965-3			tɕʰ ã ²¹						
5641-3			t a ²¹						
3280-3			s ou ³¹						
1390-3			kʰ ou ⁴⁴						
2156-3			w ã ⁴⁴						
3433-3			ɕ i ³¹						
552-3			ɕ ĩ ³¹						
4845-3			ts ɯ ⁴⁴						
4846-3			t ɯ ⁴⁴						
2292-3			m i ³¹						
6635-3			j õ ⁴⁴						
3994-3			t ɯ ⁴⁴						
3031-3			ts ɿ ³³						
6078-3			ts ɯ ³³						
1644-3			tʰ ɯ ⁵⁵						
2435-3			j ĩ ⁴⁴						
1676-3			t w a ⁴²						
6281-3			k e ⁵⁵						
5915-3			tsʰ ɛ̃ ⁵⁵						
1560-3			ɕ i ³³						
575-3			t ou ⁴²						
5319-3			s e ³¹						
2797-3			k ã ⁵⁵						
6991-3			tɕ i ²¹						
3513-3			ts ou ²¹						
5205-3			tsʰ ɯ ⁵⁵						
6109-3			tsʰ u ⁵⁵						
2056-3			m o ⁴²						
6099-3			k ɯ̃ ³¹						
6119-3			p o ⁴²						
1978-3			t w ẽ ³³						
3973-3			tɕ i ⁵⁵						
2046-3			ɕ o ³³						
5622-3			ɕ ɛ̃ ⁵⁵						
648-3			tɕʰ ɛ̃ ⁵⁵						
6789-3			p ɛ ⁴²						
618-3			x ɯ ⁴⁴						
2384-3			m a ³³						
1124-3			k ã ⁵⁵						
1125-3			tɕ ɯ̃ ⁴²						
4178-3			k u ³³						
1686-3			k ã ⁵⁵						
1495-3			ts ɿ ³³						
4090-3			ɕ ĩ ⁵⁵						
4802-3			x ɛ ⁵⁵						
1764-3			tsʰ u ³³						
3270-3			m e ³³						
1884-3			k ɛ ⁴²						
1203-3			k ɯ ⁵⁵						
6645-3			w ẽ ⁵⁵						
608-3			kʰ u ³³						
2889-3			tɕʰ ĩ ⁵⁵						
5350-3			tsʰ u ³¹						
6158-3			kʰ a ⁴⁴						
4306-3			s ɤ̃ ³¹						
4891-3			k ou ²¹						
6436-3			k õ ³³						
6213-3			s ã ⁵⁵						
2320-3			ɕ i ⁴⁴						
5253-3			f ɤ ⁴⁴						
5108-3			tɕʰ i ⁴⁴						
4100-3			tɕ ɯ ³³						
6018-3			ts ɛ ⁴²						
1352-3			ŋ ɯ ²¹						
4228-3			p ɛ ⁴⁴						
4247-3			tɕʰ ĩ ⁵⁵						
75-3			ts ɿ ³³						
118-3			k w a ⁴⁴						
2866-3			m ɛ ³³						
64-3			kʰ ou ³³						
43-3			kʰ õ ⁵⁵						
128-3			ŋ o ³¹						
7023-3			n o ³¹						
7012-3			n a ⁵⁵						
4497-3			t e ⁴²						
2928-3			tɕ i ⁵⁵						
148-3			ɣ ɯ ³³						
1623-3			kʰ w ã ³³						
2648-3			tʰ o ⁵⁵						
2649-3			l o ⁴⁴						
6242-3			l ou ²¹						
3943-3			s ɤ ³³						
1026-3			k e ⁵⁵						
6404-3			k ɯ ⁵⁵						
585-3			ts ou ⁴⁴						
1731-3			w a ⁴²						
5510-3			l a ⁵⁵						
5360-3			kʰ ɤ ³³						
879-3			k ou ⁵⁵						
880-3			l ɛ ⁴⁴						
271-3			p ĩ ²¹						
3565-3			ɕ i ⁴⁴						
3896-3			m o ⁴⁴						
3897-3			ts ɿ ³³						
1816-3			ts ɤ ²¹						
3343-3			tɕ i ⁴⁴						
1864-3			s e ⁴²						
2026-3			m a ²¹						
6223-3			x ẽ ⁵⁵						
6224-3			m ɛ ²¹						
337-3			ts ɤ ⁴⁴						
4295-3			k ou ²¹						
384-3			m e ⁵⁵						
385-3			s ou ²¹						
869-3			k ɤ ²¹						
2745-3			s ɿ ³³						
4690-3			k w a ⁵⁵						
4423-3			s u ⁵⁵						
5380-3			s w e ⁴⁴						
4436-3			ts ɿ ²¹						
2519-3			tsʰ u ³³						
4975-3			m i ⁴⁴						
4548-3			w a ⁴²						
4397-3			p e ²¹						
6203-3			tɕʰ i ³¹						
2689-3			t ɯ ²¹						
2599-3			t ɯ ²¹						
2600-3			m a ⁵⁵						
1913-3			tɕ i ³³						
1914-3			w ẽ ³³						
1903-3			w ẽ ³³						
6336-3			ts ɿ ³³						
473-3			u ²¹						
4065-3			k ɤ ⁴²						
6554-3			j i ⁵⁵						
3114-3			t e ⁴⁴						
4942-3			k ɤ̃ ⁵⁵						
3615-3			pʰ j a ⁴⁴						
4197-3			k u ³³						
4198-3			j ĩ ²¹						
1474-3			j ɤ̃ ³³						
6531-3			j ɯ ⁴⁴						
4954-3			tʰ u ³³						
4517-3			ts ɯ ³³						
1173-3			j i ⁵⁵						
6365-3			k w ã ⁵⁵						
6730-3			tɕ i ³¹						
6380-3			tɕ i ⁵⁵						
924-3			m o ⁴⁴						
752-3			tɕ i ²¹						
4316-3			p i ³¹						
5181-3			ŋ ɛ ²¹						
5785-3			pʰ u ³¹						
4770-3			p o ³¹						
2755-3			p o ⁴²						
1298-3			x ɛ ⁵⁵						
784-3			tsʰ ã ⁵⁵						
3596-3			t ɯ ²¹						
1799-3			tɕ i ³¹						
5007-3			p ĩ ⁵⁵						
5465-3			x ɛ̃ ⁵⁵						
170-3			ts ɤ̃ ³³						
3150-3			t ã ⁵⁵						
3780-3			w ẽ ⁴²						
1706-3			tɕ i ⁵⁵						
403-3			p ã ²¹						
5329-3			k e ⁴²						
1103-3			ts ɤ ³¹						
1113-3			s ɛ̃ ²¹						
232-3			tɕʰ i ⁵⁵						
5925-3			ts ɿ ⁵⁵						
5926-3			ts ɿ ³³						
5723-3			p a ⁴²						
3064-3			ts o ⁴²						
3065-3			k ɯ ⁵⁵						
3793-3			k ɛ ⁴²						
1215-3			s ɤ ⁵⁵						
4409-3			f ɤ ⁴⁴						
720-3			s ɤ ⁵⁵						
721-3			tsʰ w ɛ ⁴⁴						
2266-3			kʰ ɤ ⁴⁴						
5743-3			k u ³¹						
2124-3			x w e ³³						
6947-3			t õ ²¹						
5448-3			tɕʰ i ⁴⁴						
4016-3			m j ɛ ⁵⁵						
5429-3			m ɛ ³¹						
5813-3			tɕʰ i ⁴⁴						
2949-3			m i ⁴²						
3813-3			ts e ²¹						
3009-3			p ɯ ²¹						
4988-3			ɣ ɯ ⁴²						
1153-3			m e ⁵⁵						
530-3			ɣ ɯ ³³						
1854-3			j ɯ ⁴⁴						
4812-3			ɣ ɯ ⁴²						
3355-3			p i ⁵⁵						
6426-3			tsʰ ou ⁴⁴						
5027-3			s a ⁴⁴						
4707-3			m j a ⁵⁵						
3139-3			k ɤ ³¹						
6595-3			p e ⁴⁴						
5243-3			k ɤ ⁴²						
5274-3			tsʰ ɛ̃ ³³						
6578-3			ɕ ɛ̃ ⁵⁵						
1612-3			ts u ⁵⁵						
3183-3			ts ou ⁴²						
4559-3			ts ɤ̃ ⁴²						
4718-3			x ã ⁵⁵						
2036-3			w ẽ ⁴²						
3853-3			m i ⁵⁵						
3854-3			w ã ⁴⁴						
4275-3			w ã ⁴⁴						
6961-3			v ɛ ⁴²						
5651-3			ts ɤ ³³						
5682-3			tsʰ u ³³						
5118-3			ts ẽ ⁵⁵						
1411-3			tsʰ w ã ³³						
4507-3			ts ẽ ³³						
4824-3			s ɯ ⁵⁵						
3246-3			n a ²¹						
317-3			p j ɛ ⁴⁴						
2215-3			m o ²¹						
2016-3			k ɛ̃ ⁵⁵						
2155-3			ts ɿ ⁵⁵						
3575-3			k ou ²¹						
3434-3			x w ã ⁵⁵						
3168-3			s ẽ ³³						
2291-3			pʰ ɛ̃ ³³						
6148-3			m i ³³						
5058-3			w ã ⁴⁴						
6271-3			pʰ j a ⁴⁴						
2453-3			tɕʰ i ⁴⁴						
1483-3			j ĩ ⁴⁴						
5370-3			ts e ⁴²						
3684-3			t ɛ ⁴⁴						
3685-3			f ɛ ⁴⁴						
3664-3			v ɤ ³³						
440-3			p ɛ̃ ³¹						
5167-3			j u ³¹						
6282-3			j ĩ ⁴⁴						
1380-3			m ɛ ²¹						
3585-3			p i ³³						
6992-3			j ĩ ⁴⁴						
5623-3			kʰ o ³³						
1519-3			j ĩ ⁴⁴						
3385-3			tsʰ ɛ̃ ⁵⁵						
2718-3			ts ɤ̃ ³³						
6300-3			m e ⁵⁵						
1496-3			j ĩ ⁴⁴						
5128-3			j i ³¹						
1885-3			t ou ⁴²						
3873-3			kʰ ɛ ⁵⁵						
996-3			pʰ i ⁵⁵						
997-3			j i ⁴⁴						
1570-3			n a ²¹						
5475-3			s w ã ⁵⁵						
5017-3			tsʰ õu ³¹						
2330-3			ɕ õ ⁵⁵						
6252-3			s ou ⁵⁵						
6253-3			kʰ u ³³						
4216-3			j i ⁴⁴						
1874-3			p j a ⁴⁴						
4227-3			a ³¹						
4246-3			a ³¹						
6028-3			a ³¹						
95-3			j ĩ ³¹						
22-3			p e ²¹						
33-3			t ɛ ²¹						
6678-3			j ã ⁵⁵						
5263-4				x ẽ ⁵⁵					
452-4				t j ɯ ²¹					
4342-4				t j ɯ ²¹					
4344-4				tsʰ ɯ ²¹					
5487-4				t j ɯ ²¹					
1401-4				pʰ ao ³³					
6496-4				tsʰ ɯ ³¹					
1064-4				l a ⁴⁴					
1065-4				ts ɯ ³³					
6617-4				t w ɔ ³¹					
4367-4				t a ²¹					
4378-4				ɕ y ⁵⁵					
4379-4				l i ⁵⁵					
3984-4				s ɛ̃ ³³					
5086-4				ts õ ⁴⁴					
3333-4				s e ⁴⁴					
2226-4				x u ⁵⁵					
2373-4				kʰ u ³³					
2363-4				s õ ⁵⁵					
672-4				tsʰ ɯ̃ ⁵⁵					
673-4				k ɯ ²¹					
2690-4				p ao ³¹					
6337-4				p a ⁴⁴					
6319-4				ts ẽ ³³					
2617-4				s ɯ ³³					
2066-4				s ɯ ³³					
2094-4				s ɯ ³³					
2096-4				k ɛ ⁴⁴					
798-4				p a ⁴²					
6668-4				ɕ y ³³					
4028-4				t e ⁴⁴					
6555-4				k w a ³³					
2281-4				k ɔ ⁵⁵					
701-4				k w a ⁴⁴					
628-4				s w a ⁴⁴					
3096-4				ts ɯ̃ ³³					
3021-4				ts õ ²¹					
2708-4				ɕ ĩ ⁵⁵					
3462-4				k ã ⁵⁵					
1932-4				s ɛ ³³					
6469-4				s o ³¹					
4454-4				j ĩ ²¹					
4455-4				k ɛ̃ ⁵⁵					
6926-4				j ɯ̃ ³³					
6927-4				j ĩ ²¹					
3916-4				m ɔ̃ ³³					
6822-4				j ĩ ²¹					
5417-4				ts ɿ ³³					
1959-4				x ã ⁴⁴					
1960-4				t o ⁵⁵					
2899-4				x o ³¹					
3651-4				ts ɯ̃ ³³					
811-4				k w ɔ ³¹					
1633-4				m ẽ ²¹					
1775-4				k ɔ̃ ³¹					
5801-4				k ɛ ⁴⁴					
4769-4				l o ³¹					
3720-4				k ã ⁵⁵					
6446-4				m ẽ ³³					
1255-4				pʰ ɛ ⁵⁵					
3595-4				j ɯ ⁴⁴					
1600-4				p ẽ ⁴²					
242-4				ts ɿ ⁵⁵					
3739-4				k ɛ ²¹					
5984-4				ts ao ²¹					
838-4				s ɿ ⁵⁵					
839-4				t ao ⁴²					
3149-4				j i ⁵⁵					
2829-4				ts u ²¹					
4602-4				tɕ i ⁴⁴					
5225-4				l ao ²¹					
3933-4				s u ³¹					
5763-4				ts u ³¹					
2134-4				ɕ ĩ ⁵⁵					
5724-4				t ɯ̃ ⁵⁵					
5704-4				ts u ³¹					
5705-4				kʰ w e ⁵⁵					
5037-4				tɕʰ i ³¹					
5038-4				t a ⁵⁵					
4332-4				ts ɿ ⁴⁴					
5447-4				tɕʰ i ⁴²					
3702-4				s ɛ ⁴⁴					
1549-4				ʐ ɛ̃ ³¹					
2394-4				k w ɛ ³³					
1-4				v e ⁴²					
2947-4				t j ɯ ³¹					
4653-4				k ɛ ³¹					
4989-4				k ɛ ³¹					
3749-4				j o ⁴⁴					
3452-4				tɕʰ ɛ̃ ⁴⁴					
598-4				ŋ a ⁴⁴					
638-4				pʰ u ⁵⁵					
2819-4				p ao ⁴⁴					
4477-4				kʰ w a ⁴⁴					
4487-4				ts ɛ ⁴²					
4666-4				tɕ i ³³					
5661-4				t a ⁴²					
4923-4				ts ɛ̃ ⁴⁴					
4913-4				k ɯ ²¹					
1143-4				m æ ⁴⁴					
4864-4				ɕ ã ⁵⁵					
3184-4				s ɯ ⁴⁴					
4591-4				ts u ⁵⁵					
1431-4				s ɛ ⁴⁴					
3323-4				kʰ ẽ ⁵⁵					
6709-4				ts ɯ ⁵⁵					
903-4				m æ ⁴²					
5098-4				k ɯ ⁴²					
5994-4				k ã ⁵⁵					
6971-4				s w a ⁴⁴					
763-4				ts ɯ̃ ⁵⁵					
691-4				x w a ⁴⁴					
1083-4				t u ⁴²					
1421-4				k ɛ ⁴²					
6699-4				t j ɯ ⁴²					
2628-4				s õ ⁵⁵					
1696-4				x ɔ ³¹					
6179-4				k ɛ ⁵⁵					
6180-4				ts ɿ ⁴⁴					
6658-4				s ẽ ⁴⁴					
1231-4				s u ³¹					
4265-4				kʰ e ⁵⁵					
2787-4				ts ɔ̃ ²¹					
3247-4				ts ɿ ⁴⁴					
252-4				t a ³³					
6004-4				k a ³¹					
4728-4				s ã ⁴⁴					
3843-4				w ã ⁴⁴					
4965-4				tɕʰ ã ⁴²					
5641-4				t a ²¹					
3280-4				s u ³¹					
1390-4				kʰ u ³³					
2156-4				w ã ⁴⁴					
3433-4				ɕ i ³¹					
552-4				ɕ j ɛ̃ ⁴²					
4845-4				tɕ i ⁴⁴					
4846-4				t ɯ ⁴⁴					
2292-4				m ɛ ³¹					
6635-4				j ɔ̃ ⁴⁴					
3994-4				t ɯ ⁴⁴					
3031-4				ts ɔ ⁴⁴					
6078-4				ts ɯ ⁴⁴					
1644-4				tʰ j ɯ ³³					
2435-4				j ĩ ⁴⁴					
1676-4				t w a ⁴²					
6281-4				k ɛ̃ ⁴⁴					
5915-4				tsʰ ɛ̃ ⁴⁴					
1560-4				ɕ i ⁴⁴					
575-4				t o ³¹					
5319-4				s e ³¹					
2797-4				k ã ⁵⁵					
6991-4				tɕ j ɛ ³¹					
3513-4				ts ɔ̃ ²¹					
5205-4				tsʰ ɯ ⁵⁵					
6109-4				tsʰ u ⁵⁵					
2056-4				m ɔ̃ ³¹					
6099-4				k ɯ̃ ⁴⁴					
6119-4				p ao ⁴²					
1978-4				t w ẽ ⁴⁴					
3973-4				tɕ i ⁵⁵					
2046-4				ɕ ɔ ⁴⁴					
5622-4				ɕ j ɛ̃ ⁵⁵					
648-4				tɕʰ ɛ̃ ⁵⁵					
6789-4				p æ ⁴²					
618-4				x ɯ ⁴⁴					
2384-4				m a ³³					
1124-4				k ã ⁵⁵					
1125-4				tɕ ɯ̃ ³¹					
4178-4				k u ³³					
1686-4				k ã ⁵⁵					
1495-4				ts ɯ̃ ³³					
4090-4				ɕ ĩ ⁵⁵					
4802-4				x ɛ̃ ⁵⁵					
1764-4				ts u ³³					
3270-4				m e ⁴⁴					
1884-4				k ɛ ³³					
1203-4				k ɯ ⁴⁴					
6645-4				w ẽ ⁵⁵					
608-4				kʰ u ⁴⁴					
2889-4				tɕʰ ĩ ⁵⁵					
5350-4				tsʰ u ³¹					
6158-4				kʰ a ⁴⁴					
4306-4				s ɔ̃ ³¹					
4891-4				k u ³³					
6436-4				k ɔ̃ ⁴⁴					
6213-4				s ã ⁵⁵					
2320-4				ɕ i ⁴⁴					
5253-4				f ɔ ⁴⁴					
5108-4				tɕʰ i ⁴⁴					
4100-4				tɕ ɯ ⁴⁴					
6018-4				ts ɛ ⁴²					
1352-4				ŋ ɯ ²¹					
4228-4				p æ ⁴⁴					
4247-4				tɕʰ ĩ ⁵⁵					
75-4				ts ɯ̃ ³³					
118-4				k w a ⁴⁴					
2866-4				m ɛ ³³					
64-4				kʰ u ³³					
43-4				kʰ ɔ̃ ⁵⁵					
128-4				ŋ ɔ̃ ³¹					
7023-4				n ɔ ³¹					
7012-4				n a ⁵⁵					
4497-4				t e ⁴²					
2928-4				tɕ i ⁵⁵					
148-4				ɣ ɯ ³³					
1623-4				kʰ w ã ⁴⁴					
2648-4				tʰ ɔ ⁵⁵					
2649-4				l ɔ ⁴⁴					
6242-4				l ao ²¹					
3943-4				s u ³³					
1026-4				k ẽ ⁵⁵					
6404-4				k ɯ ⁵⁵					
585-4				ts u ⁵⁵					
1731-4				w a ⁴²					
5510-4				l a ⁵⁵					
5360-4				kʰ w ɛ ³³					
879-4				k u ⁵⁵					
880-4				l e ³³					
271-4				p i ³³					
3565-4				ɕ i ⁴⁴					
3896-4				m ɯ̃ ⁵⁵					
3897-4				ts ɿ ⁴⁴					
1816-4				ts u ²¹					
3343-4				tɕ ĩ ³³					
1864-4				s ɛ̃ ⁴²					
2026-4				m a ²¹					
6223-4				x ẽ ⁵⁵					
6224-4				m æ ²¹					
337-4				ts ao ⁵⁵					
4295-4				k u ²¹					
384-4				m e ⁵⁵					
385-4				ʐ ao ²¹					
869-4				k ɔ ²¹					
2745-4				s ɿ ⁴⁴					
4690-4				k w ã ⁵⁵					
4423-4				s u ⁵⁵					
5380-4				s w e ⁴⁴					
4436-4				ts ɯ ⁴⁴					
2519-4				tsʰ u ³³					
4975-4				m i ⁵⁵					
4548-4				w a ⁴²					
4397-4				p e ²¹					
6203-4				tɕʰ i ²¹					
2689-4				t j ɯ ³³					
2599-4				t j ɯ ³³					
2600-4				m a ⁵⁵					
1913-4				tɕ ỹ ³³					
1914-4				w ẽ ³³					
1903-4				w ẽ ⁴⁴					
473-4				w ɔ ²¹					
4065-4				k ɔ ³³					
6554-4				j i ⁴⁴					
4942-4				k õ ⁵⁵					
3615-4				pʰ j a ⁴²					
4197-4				k u ³³					
4198-4				j ĩ ²¹					
6531-4				j ɯ ⁴⁴					
4954-4				tʰ u ³³					
4517-4				ts ɯ ³³					
1173-4				j i ⁵⁵					
6365-4				k w ã ⁴⁴					
6730-4				tɕ i ³¹					
6380-4				tɕ i ⁵⁵					
924-4				m ão ⁴⁴					
752-4				tɕ ĩ ³¹					
4316-4				p ĩ ⁴²					
5181-4				ŋ ẽ ²¹					
5785-4				pʰ u ³¹					
4770-4				p o ³¹					
2755-4				p u ³¹					
1298-4				x ɛ ⁵⁵					
784-4				tsʰ ã ⁴⁴					
3596-4				t ɯ̃ ⁴²					
1799-4				tɕ i ³¹					
5007-4				p ĩ ⁵⁵					
5465-4				x ɛ̃ ⁵⁵					
170-4				ts õ ⁴⁴					
3150-4				t ã ⁵⁵					
3780-4				w ẽ ⁴²					
1706-4				tɕ i ⁵⁵					
403-4				p a ²¹					
5329-4				k e ⁴²					
1103-4				ts u ³¹					
1113-4				ʐ e ²¹					
232-4				tɕʰ i ⁵⁵					
5925-4				ts ɿ ⁴⁴					
5926-4				ts ɿ ³³					
5723-4				p a ⁴⁴					
3064-4				ts u ³¹					
3065-4				k ɯ ⁵⁵					
3793-4				k ɛ ⁴²					
1215-4				s u ⁵⁵					
4409-4				f ɛ ⁴⁴					
720-4				s ɿ ⁴⁴					
721-4				tɕʰ w ɛ ³³					
2266-4				kʰ w ɔ ⁴⁴					
5743-4				k a ⁴²					
2124-4				x w e ⁴⁴					
6947-4				t ɔ̃ ²¹					
5448-4				tsʰ ɯ̃ ⁵⁵					
4016-4				m j ɛ ⁵⁵					
5429-4				m a ³³					
5813-4				tɕʰ i ⁵⁵					
2949-4				m i ³³					
3813-4				ts e ⁴²					
3009-4				p ɯ ²¹					
4988-4				ɣ ɯ ⁴⁴					
1153-4				m ĩ ⁵⁵					
530-4				ɣ ɯ ⁴⁴					
1854-4				j ɯ ⁴⁴					
4812-4				ɣ ɯ ⁴²					
3355-4				pʰ ao ⁴⁴					
6426-4				tsʰ w ɔ ⁴⁴					
5027-4				s a ⁴⁴					
4707-4				m a ⁴⁴					
3139-4				k w ɛ ³¹					
6595-4				p e ⁴⁴					
5274-4				tsʰ ɛ̃ ⁴⁴					
6578-4				ɕ j ɛ̃ ⁵⁵					
1612-4				ts u ⁵⁵					
3183-4				ts u ³¹					
4559-4				ts ɔ̃ ⁴²					
4718-4				x ã ⁵⁵					
2036-4				w e ⁴²					
3853-4				m ĩ ⁵⁵					
3854-4				w ã ⁴⁴					
4275-4				w ã ⁵⁵					
6961-4				v ɛ ⁴²					
5651-4				ts u ³³					
5682-4				tsʰ u ³³					
5118-4				ts ẽ ⁵⁵					
1411-4				tɕʰ w ã ⁴⁴					
4507-4				ts ẽ ⁴⁴					
4824-4				s ɯ ⁵⁵					
3246-4				n a ³¹					
317-4				p j ɛ ⁴⁴					
2215-4				m ɯ ²¹					
2016-4				k ɛ̃ ⁵⁵					
2155-4				ts ã ⁵⁵					
3575-4				k o ²¹					
3434-4				x w ã ⁵⁵					
3168-4				s w ɛ̃ ⁵⁵					
2291-4				pʰ a ⁴⁴					
6148-4				m i ³³					
5058-4				w ã ⁴⁴					
6271-4				pʰ j a ⁴⁴					
2453-4				tɕʰ i ⁴⁴					
1483-4				j ĩ ⁴⁴					
5370-4				ts e ⁴⁴					
3684-4				t ɛ ⁴⁴					
3685-4				f ɛ ⁴⁴					
3664-4				v ɛ ⁴⁴					
440-4				p æ̃ ⁴²					
5167-4				j u ³¹					
6282-4				j ĩ ⁴⁴					
1380-4				m æ ²¹					
3585-4				p ĩ ⁴⁴					
6992-4				j ĩ ⁴⁴					
5623-4				kʰ u ⁴⁴					
1519-4				j ĩ ⁴⁴					
3385-4				tsʰ ɛ̃ ⁵⁵					
2718-4				ts õ ³³					
6300-4				m ẽ ⁵⁵					
1496-4				j ĩ ⁴⁴					
5128-4				j i ³¹					
1885-4				t o ³¹					
3873-4				kʰ ɯ ⁵⁵					
996-4				pʰ i ⁵⁵					
997-4				j i ³¹					
1570-4				n a ²¹					
5475-4				s w ã ⁵⁵					
5017-4				tsʰ ɔ ⁴²					
2330-4				ɕ o ⁵⁵					
6252-4				s o ⁵⁵					
6253-4				kʰ u ³³					
4216-4				j i ⁴⁴					
1874-4				p j a ⁴⁴					
4227-4				a ³¹					
4246-4				a ³¹					
6028-4				a ³¹					
95-4				j ĩ ²¹					
22-4				p e ²¹					
33-4				t j ɯ ²¹					
6678-4				ŋ ã ⁵⁵					
5263-5					x ẽ ⁵⁵				
452-5					d ɯ ⁴²				
4342-5					d ɯ ⁴²				
4344-5					tsʰ ɿ ³³				
5487-5					d ɯ ⁴²				
1401-5					pʰ ao ⁵⁵				
6496-5					tsʰ ɿ ⁵⁵				
1064-5					l ao ³¹				
1065-5					z i ³¹				
6617-5					t ɤ ³¹				
4367-5					t ao ²¹				
4378-5					ɕ y ⁵⁵				
4379-5					l i ⁵⁵				
3984-5					ʂ ɛ̃ ³³				
5086-5					tɕ ɔ̃ ³¹				
3333-5					ʂ ɛ ⁴⁴				
2226-5					χ u ⁵⁵				
2373-5					qʰ ao ³³				
2363-5					ɕ õ ³³				
672-5					tɕʰ i ⁵⁵				
673-5					k ɯ ⁴⁴				
2690-5					p ao ³¹				
6337-5					p a ⁵⁵				
6319-5					ʈ æ̃ ⁴²				
2617-5					ɕ i ³³				
2066-5					ɕ i ³³				
2094-5					ɕ i ³³				
2096-5					q ao ⁵⁵				
798-5					p a ⁴⁴				
6668-5					s y ³³				
4028-5					t ɛ ⁵⁵				
6555-5					q w a ⁵⁵				
2281-5					q u ⁵⁵				
701-5					q w a ⁵⁵				
628-5					s w a ⁵⁵				
3096-5					ɖʐ ɯ̃ ³³				
3021-5					t õ ²¹				
2708-5					s ẽ ⁵⁵				
3462-5					q ɔ̃ ⁵⁵				
1932-5					ʂ ʅ ³³				
6469-5					ʂ æ ³³				
4454-5					ɲ i ³¹				
4455-5					q ao ⁵⁵				
6926-5					n ɛ ⁴⁴				
6927-5					ɲ i ³¹				
3916-5					m ɔ ³³				
6822-5					n ɛ ³¹				
5417-5					tɕ i ³³				
1959-5					x ã ³³				
1960-5					t ɤ ⁵⁵				
2899-5					x ɔ ⁴²				
3651-5					ʐ ʅ ³³				
811-5					q ẽ ⁵⁵				
1633-5					m æ ²¹				
1775-5					q ɔ ²¹				
5801-5					k a ⁴²				
4769-5					l a ³¹				
3720-5					q ã ⁵⁵				
6446-5					m i ³³				
1255-5					pʰ ao ⁵⁵				
3595-5					ɲ i ⁵⁵				
1600-5					b ɛ̃ ³³				
242-5					ʈʂ ʅ ⁵⁵				
3739-5					q a ²¹				
5984-5					c a ²¹				
838-5					ɕ õ ⁵⁵				
839-5					t ao ³¹				
3149-5					ʔ i ⁵⁵				
2829-5					tɕ ʊ ²¹				
4602-5					tɕʰ i ⁵⁵				
5225-5					l ɔ ²¹				
3933-5					ʂ ɛ̃ ⁵⁵				
5763-5					ts ʊ ³³				
2134-5					s ɛ̃ ⁵⁵				
5724-5					t ɯ ⁵⁵				
5704-5					t u ⁴²				
5705-5					qʰ ɛ̃ ⁵⁵				
5037-5					tsʰ ɿ ³³				
5038-5					t ɛ ⁵⁵				
4332-5					tɕ ɯ̃ ³¹				
5447-5					cʰ ã ⁴⁴				
3702-5					ʂ ʅ ⁴²				
1549-5					ʂ æ̃ ⁵⁵				
2394-5					tɕ ɯ ³³				
1-5					w e ⁴²				
2947-5					t ɯ ²¹				
4653-5					q ao ³³				
4989-5					q a ⁴²				
3749-5					j ao ⁵⁵				
3452-5					tɕʰ ɔ̃ ⁵⁵				
598-5					ɴ ã ⁵⁵				
638-5					pʰ ɯ ⁴⁴				
2819-5					p o ³³				
4477-5					qʰ w ɔ ⁵⁵				
4487-5					ʈʂ ʅ ⁴²				
4666-5					tɕ ã ⁴⁴				
5661-5					t a ⁴⁴				
4923-5					c ã ⁴⁴				
4913-5					k ɯ ²¹				
1143-5					m a ⁵⁵				
4864-5					ɕ ã ⁵⁵				
3184-5					ɕ i ⁵⁵				
4591-5					ts o ⁴⁴				
1431-5					ɕ a ⁵⁵				
3323-5					qʰ ẽ ³³				
6709-5					ʈ ɯ ⁵⁵				
903-5					m a ³¹				
5098-5					q ɯ ³¹				
5994-5					q ɔ̃ ⁵⁵				
6971-5					s w a ⁴⁴				
763-5					ʈ ɯ̃ ⁵⁵				
691-5					χ w a ⁴⁴				
1083-5					t ao ⁴²				
1421-5					q a ⁴⁴				
6699-5					t ɯ̃ ⁴²				
2628-5					tɕʰ o ⁵⁵				
1696-5					x ao ⁴²				
6179-5					q ao ⁴⁴				
6180-5					ts ɿ ⁴⁴				
6658-5					ɕ y ³³				
1231-5					ɕ u ³³				
4265-5					qʰ ɯ̃ ⁵⁵				
2787-5					ts ɔ̃ ³¹				
3247-5					ts ɯ ⁴⁴				
252-5					t i ⁴⁴				
6004-5					q ã ⁵⁵				
4728-5					s ao ⁵⁵				
3843-5					ŋ w a ⁴⁴				
4965-5					tɕ y ³¹				
5641-5					d j ɛ ⁴²				
3280-5					s u ⁴⁴				
1390-5					qʰ o ⁵⁵				
2156-5					ŋ w a ⁴⁴				
3433-5					s i ⁵⁵				
552-5					s æ̃ ⁴²				
4845-5					t ɯ ⁵⁵				
4846-5					ʈ ɯ ⁵⁵				
2292-5					m ã ³¹				
6635-5					ɲ o ⁵⁵				
3994-5					t ɯ ⁵⁵				
3031-5					ʈ a ³³				
6078-5					dʑ i ³³				
1644-5					tʰ ɯ ⁵⁵				
2435-5					n i ⁵⁵				
1676-5					t w a ⁴²				
6281-5					q ã ⁵⁵				
5915-5					ʈʂʰ ɛ̃ ⁵⁵				
1560-5					s i ⁴⁴				
575-5					ʈ ao ⁴⁴				
5319-5					s æ̃ ⁴²				
2797-5					q ɔ̃ ⁵⁵				
6991-5					tɕ ĩ ²¹				
3513-5					ʈ õ ³¹				
5205-5					tɕʰ ĩ ⁵⁵				
6109-5					tʃʰ u ⁵⁵				
2056-5					m ɔ̃ ⁴⁴				
6099-5					q ɯ̃ ³¹				
6119-5					p ɔ ⁴⁴				
1978-5					d y ³³				
3973-5					t i ⁵⁵				
2046-5					ɕ o ³³				
5622-5					ɕ ã ³³				
648-5					tɕʰ ã ⁴⁴				
6789-5					p a ⁴⁴				
618-5					x ɯ ⁵⁵				
2384-5					m j ɛ̃ ³³				
1124-5					k a ⁵⁵				
1125-5					tɕ i ⁴⁴				
4178-5					k ɤ ³³				
1686-5					q ã ⁵⁵				
1495-5					ɖʐ ʅ ³³				
4090-5					s ẽ ⁵⁵				
4802-5					x ã ⁴⁴				
1764-5					tɕ y ³³				
3270-5					m ẽ ³³				
1884-5					q a ⁵⁵				
1203-5					k ɯ ⁵⁵				
6645-5					w ẽ ⁵⁵				
608-5					qʰ ɤ ³³				
2889-5					tsʰ ẽ ⁵⁵				
5350-5					ʈʰ ɤ ⁴²				
6158-5					qʰ a ⁵⁵				
4306-5					s õ ³¹				
4891-5					k ao ³¹				
6436-5					k ɤ ³³				
6213-5					s æ̃ ⁵⁵				
2320-5					s i ⁵⁵				
5253-5					f ɔ ⁴⁴				
5108-5					tɕʰ i ⁴⁴				
4100-5					tɕ i ³³				
6018-5					ʈʂ æ ⁴²				
1352-5					ŋ ɯ̃ ²¹				
4228-5					p ao ⁵⁵				
4247-5					tɕʰ i ⁴⁴				
75-5					tɕ i ³³				
118-5					q w a ⁵⁵				
2866-5					m ɔ̃ ³³				
64-5					qʰ ɔ ³¹				
43-5					kʰ ɤ̃ ⁵⁵				
128-5					ɴ ɔ ⁴²				
7023-5					n ɔ ⁴⁴				
7012-5					ɲ i ⁵⁵				
4497-5					t ɛ ⁴²				
2928-5					t i ⁵⁵				
148-5					x ɯ̃ ³³				
1623-5					qʰ õ ³³				
2648-5					tʰ o ⁵⁵				
2649-5					l a ³³				
6242-5					l ao ³¹				
3943-5					ʂ u ³³				
1026-5					q ɛ̃ ³⁵				
6404-5					k ɯ ⁵⁵				
585-5					ts w ɔ ⁵⁵				
1731-5					w a ⁴²				
5510-5					l ɔ ⁵⁵				
5360-5					tɕʰ ɛ̃ ³³				
879-5					q ɛ ⁴⁴				
880-5					l ɛ ⁴⁴				
271-5					p ɯ ²¹				
3565-5					ɕ i ⁴⁴				
3896-5					m o ⁵⁵				
3897-5					tɕ i ⁴⁴				
1816-5					tɕ ɤ ³¹				
3343-5					tɕ i ⁵⁵				
1864-5					s æ̃ ⁴²				
2026-5					m j ɛ ²¹				
6223-5					x ẽ ⁵⁵				
6224-5					m ã ³¹				
337-5					tɕ o ⁵⁵				
4295-5					q ao ³¹				
384-5					m ɯ̃ ⁵⁵				
385-5					ʐ ao ³¹				
869-5					k ɤ ³¹				
2745-5					s ɿ ³³				
4423-5					ɕ o ⁵⁵				
5380-5					s w ɛ ⁵⁵				
4436-5					ɖʐ ʅ̃ ³³				
4975-5					m ɛ ⁴⁴				
2599-5					t e ³¹				
2600-5					m e ⁵⁵				
1913-5					tɕ y ³³				
6336-5					tɕ o ³³				
4065-5					q o ⁴⁴				
3114-5					ts ɛ ⁴⁴				
1474-5					ɲ ʊ̃ ³³				
6531-5					j ɔ ³¹				
4517-5					ɖ ɯ ³³				
6730-5					tɕ ĩ ⁴²				
6380-5					tɕ ĩ ⁵⁵				
1799-5					tɕ ĩ ⁴⁴				
5465-5					x ã ⁴⁴				
170-5					ts õ ³³				
1706-5					tɕ ĩ ⁵⁵				
1103-5					dʑ y ⁴⁴				
5925-5					t ɯ ⁵⁵				
1215-5					ɕ u ³³				
6947-5					t ɔ̃ ³¹				
5429-5					m a ⁴⁴				
2949-5					m o ⁵⁵				
3009-5					p ɯ ³¹				
4988-5					ɣ ɯ ⁴⁴				
530-5					x ɯ̃ ³³				
1854-5					j i ⁴⁴				
4812-5					ɣ ɯ ⁴²				
6426-5					tsʰ o ⁵⁵				
5243-5					k ɤ ⁴⁴				
6578-5					tɕ i ⁵⁵				
4559-5					tɕ õ ⁴²				
5651-5					tɕ ʊ ³³				
4507-5					ɖ ẽ ³³				
3575-5					k ao ³¹				
6148-5					m i ³³				
5058-5					ŋ w a ⁴⁴				
2453-5					ʈʂʰ ɛ ⁵⁵				
1483-5					ɲ i ³³				
6282-5					ɲ i ³³				
1380-5					m ã ³¹				
6992-5					ɲ i ³³				
1519-5					ɲ i ³³				
2718-5					dʑ ɔ̃ ³³				
1496-5					ɲ i ³³				
1885-5					ʈ ɔ ³¹				
4216-5					ʔ i ⁵⁵				
95-5					ɲ i ³¹				
33-5					ʈ ɯ ³¹				
5263-6						x e ⁵⁵			
452-6						t ɯ ³¹			
4342-6						t ɯ ³¹			
4344-6						tsʰ ɯ ³¹			
5487-6						t ɯ ³¹			
1401-6						pʰ ɔ ⁴⁴			
6496-6						tsʰ ɯ ³¹			
1064-6						l a ³⁵			
1065-6						ts ɿ ³¹			
6617-6						t ɔ ²¹			
4367-6						t a ²¹			
4378-6						ɕ y ⁵⁵			
4379-6						l i ⁵⁵			
3984-6						s ɛ ³³			
5086-6						ts ɤ ³³			
3333-6						s e ⁴⁴			
2226-6						x w ɔ ³⁵			
2373-6						kʰ w ɔ ³³			
2363-6						s o ⁵⁵			
672-6						tsʰ ɿ ⁵⁵			
673-6						k ɯ ³¹			
2690-6						p ɔ ²¹			
6337-6						p a ⁴⁴			
6319-6						ts e ⁴²			
2617-6						s ɯ ³³			
2066-6						s ɯ ³³			
2094-6						s ɯ ³³			
2096-6						k j ɛ ⁴⁴			
798-6						p a ⁴²			
6668-6						ɕ y ³³			
4028-6						t e ⁴⁴			
6555-6						k w a ⁴⁴			
2281-6						k o ⁴⁴			
701-6						k w a ⁴⁴			
628-6						ʃ w a ⁴⁴			
3096-6						ts ɿ ³³			
3021-6						ts o ²¹			
2708-6						ɕ i ³⁵			
3462-6						k a ³⁵			
1932-6						s ɿ ³³			
6469-6						s ɿ ³³			
4454-6						ɲ i ²¹			
4455-6						k ɛ ³⁵			
6926-6						n ɤ ³³			
6927-6						ɲ i ²¹			
3916-6						m ɔ ³³			
6822-6						ɲ i ²¹			
5417-6						ts ɿ ³³			
1959-6						x ɔ ³¹			
1960-6						t ɤ ³⁵			
2899-6						x ɔ ²¹			
3651-6						ts ɿ ³³			
811-6						k u ²¹			
1633-6						m e ²¹			
1775-6						k ɤ ²¹			
5801-6						k j ɛ ⁴²			
4769-6						l ɔ ³¹			
3720-6						k a ³⁵			
6446-6						m e ³³			
1255-6						pʰ ɛ ⁵⁵			
3595-6						ɲ i ⁴⁴			
1600-6						p e ³³			
242-6						ts ɿ ³⁵			
3739-6						k j ɛ ²¹			
5984-6						ts ɔ ²¹			
838-6						s ɔ ⁵⁵			
839-6						t ɔ ²¹			
3149-6						j o ³⁵			
2829-6						ts ɤ ²¹			
4602-6						tɕ i ³⁵			
5225-6						l ɔ ²¹			
3933-6						s ɤ ³²			
5763-6						ts ɔ ³²			
2134-6						ɕ i ³⁵			
5724-6						t ɯ ³⁵			
5704-6						ts o ⁴²			
5705-6						kʰ w e ⁵⁵			
5037-6						tɕʰ i ³¹			
5038-6						t a ³⁵			
4332-6						ts ɿ ³³			
5447-6						tsʰ ɛ ⁵⁵			
3702-6						s ɿ ³¹			
1549-6						s ɿ ²¹			
2394-6						k ɤ ³³			
1-6						w e ⁴²			
2947-6						tɕ i ⁴²			
4653-6						k j ɛ ³²			
4989-6						k j ɛ ³²			
3749-6						j o ⁴⁴			
3452-6						tɕʰ ɛ ⁵⁵			
598-6						ŋ a ⁴⁴			
638-6						pʰ ɯ ⁵⁵			
2819-6						p o ⁴⁴			
4477-6						kʰ w a ⁴⁴			
4487-6						ts ɿ ⁴²			
4666-6						tɕ i ³³			
5661-6						t a ⁴²			
4923-6						ts ɛ̃ ⁴⁴			
4913-6						k ɯ ²¹			
1143-6						m ɛ ⁴⁴			
4864-6						ɕ a ³⁵			
3184-6						s ɯ ³³			
4591-6						ts o ⁴⁴			
1431-6						s ɛ ⁴⁴			
3323-6						kʰ e ⁵⁵			
6709-6						ts ɯ ³³			
903-6						m ɛ ³²			
5098-6						k ɯ ²¹			
5994-6						k a ³⁵			
6971-6						ʃ w a ⁴⁴			
763-6						ts ɯ ³⁵			
691-6						x w a ⁴⁴			
1083-6						t w ɔ ³²			
1421-6						k j ɛ ⁴²			
6699-6						t ɯ ³²			
2628-6						s o ⁵⁵			
1696-6						x ɔ ²¹			
6179-6						k j ɛ ⁵⁵			
6180-6						ts ɿ ⁵⁵			
6658-6						s e ³³			
1231-6						s ɤ ³¹			
4265-6						kʰ ɯ ⁵⁵			
2787-6						ts o ²¹			
3247-6						ts ɿ ⁵⁵			
252-6						t a ³⁵			
6004-6						k a ³¹			
4728-6						s a ⁵⁵			
3843-6						w a ⁴⁴			
4965-6						tɕʰ a ³¹			
5641-6						t a ³¹			
3280-6						s ɔ ³¹			
1390-6						kʰ o ⁴⁴			
2156-6						w a ⁴⁴			
3433-6						ɕ i ³¹			
552-6						ɕ ɯ ⁵⁵			
4845-6						tɕ i ⁴⁴			
4846-6						t ɯ ⁴⁴			
2292-6						m u ³¹			
6635-6						ɲ j ɔ ⁴⁴			
3994-6						t ɯ ⁴⁴			
3031-6						ts ɔ ³³			
6078-6						ts ɯ ³³			
1644-6						tʰ ɯ ⁵⁵			
2435-6						ɲ i ⁴⁴			
1676-6						l w a ⁴²			
6281-6						k j e ⁵⁵			
5915-6						tsʰ ɿ ⁵⁵			
1560-6						ɕ i ³³			
575-6						t ɔ ³¹			
5319-6						s e ³³			
2797-6						k a ³⁵			
6991-6						ts e ⁴²			
3513-6						ts o ²¹			
5205-6						tsʰ ɯ ⁵⁵			
6109-6						tʃʰ u ⁵⁵			
2056-6						m u ³²			
6099-6						k ɯ ³³			
6119-6						p o ⁴²			
1978-6						t w e ³³			
3973-6						tɕ i ³⁵			
2046-6						ɕ o ³³			
5622-6						ɕ ɛ ⁵⁵			
648-6						tsʰ ɛ ⁵⁵			
6789-6						p ɛ ⁴²			
618-6						x ɯ ⁴⁴			
2384-6						m a ²¹			
1124-6						k a ³⁵			
1125-6						tɕ ɯ ⁴⁴			
4178-6						k u ³³			
1686-6						k a ³⁵			
1495-6						ts ɿ ⁴²			
4090-6						ɕ i ³⁵			
4802-6						x ɛ ⁵⁵			
1764-6						tʃ u ³³			
3270-6						m e ³³			
1884-6						k j ɛ ⁴⁴			
1203-6						k ɯ ³⁵			
6645-6						w e ³⁵			
608-6						kʰ u ³³			
2889-6						tɕʰ i ⁵⁵			
5350-6						tʃʰ u ³¹			
6158-6						kʰ a ⁴⁴			
4306-6						s ɿ ³¹			
4891-6						k ɔ ²¹			
6436-6						k o ³³			
6213-6						s a ⁵⁵			
2320-6						ɕ i ⁴⁴			
5253-6						f ɤ ⁴⁴			
5108-6						tɕʰ i ⁴⁴			
4100-6						tɕ ɯ ³³			
6018-6						ts ɿ ⁴²			
1352-6						ŋ ɯ ²¹			
4228-6						p ɛ ⁴⁴			
4247-6						tɕʰ i ⁵⁵			
75-6						ts ɿ ³³			
118-6						k w a ⁴⁴			
2866-6						m ɛ ³³			
64-6						ɔ ³³			
43-6						kʰ o ⁵⁵			
128-6						ŋ ɔ ³¹			
7023-6						n ɔ ³¹			
7012-6						n a ⁵⁵			
4497-6						t e ⁴²			
2928-6						tɕ i ⁵⁵			
148-6						ɯ ³³			
1623-6						kʰ w a ³³			
2648-6						tʰ ɔ ⁵⁵			
2649-6						l ɔ ⁵⁵			
6242-6						l ɔ ²¹			
3943-6						s ɤ ³³			
1026-6						k e ³⁵			
6404-6						k u ⁵⁵			
585-6						ts o ⁴⁴			
1731-6						w a ⁴²			
5510-6						l ɔ ³⁵			
5360-6						kʰ ɤ ³³			
879-6						k ɔ ⁵⁵			
880-6						l i ⁴⁴			
271-6						p i ²¹			
3565-6						ɕ i ⁴⁴			
3896-6						m ɯ ⁴⁴			
3897-6						ts ɿ ³³			
1816-6						ts ɤ ²¹			
3343-6						tɕ i ⁴⁴			
1864-6						s e ³²			
2026-6						m a ²¹			
6223-6						x e ⁵⁵			
6224-6						m ɛ ²¹			
337-6						ts ɤ ⁴⁴			
4295-6						k w ɔ ²¹			
384-6						m i ³⁵			
385-6						s ɔ ²¹			
869-6						k ɤ ²¹			
2745-6						s ɿ ³³			
4690-6						k w a ³³			
4436-6						ts ɿ ²¹			
2519-6						tʃʰ u ³³			
4975-6						m i ⁴⁴			
4548-6						w a ⁴²			
4397-6						p e ²¹			
6203-6						tɕʰ i ³¹			
2689-6						t ɯ ²¹			
2599-6						t ɯ ²¹			
2600-6						m a ³⁵			
1913-6						tɕ y ³³			
1914-6						w e ³³			
1903-6						w e ³³			
6336-6						ts ɿ ³³			
473-6						u ²¹			
4065-6						k u ⁴⁴			
6554-6						j i ³⁵			
3114-6						t e ⁴⁴			
4942-6						k ɤ ³⁵			
3615-6						pʰ j a ⁴⁴			
4197-6						k u ³³			
4198-6						ɲ i ²¹			
1474-6						n ɤ ³³			
4954-6						tʰ u ³³			
4517-6						ts ɯ ³³			
1173-6						j i ³⁵			
6365-6						k w a ³⁵			
6730-6						tɕ i ³¹			
6380-6						tɕ ɯ ³⁵			
924-6						m ɔ ⁵⁵			
752-6						tɕ i ²¹			
4316-6						p i ³¹			
5181-6						ŋ e ²¹			
5785-6						pʰ ɔ ³¹			
4770-6						p ɔ ³¹			
2755-6						p o ⁴²			
1298-6						x ɛ ⁵⁵			
784-6						tsʰ a ⁵⁵			
3596-6						t ɯ ²¹			
1799-6						tɕ i ³¹			
5007-6						p i ³⁵			
5465-6						x ɛ ⁵⁵			
170-6						ts ɿ ³³			
3150-6						t a ³⁵			
3780-6						w e ³²			
1706-6						tɕ i ³⁵			
403-6						p a ²¹			
5329-6						k e ³²			
1103-6						ts ɤ ³¹			
1113-6						s ɿ ²¹			
232-6						tɕʰ i ⁵⁵			
5925-6						ts ɛ ³⁵			
5926-6						ts ɿ ³³			
5723-6						p a ³²			
3064-6						ts o ⁴²			
3065-6						k ɯ ³⁵			
3793-6						k ɛ ³²			
1215-6						s ɤ ³⁵			
4409-6						f ɤ ⁴⁴			
720-6						s ɿ ³⁵			
721-6						tʃʰ w ɛ ⁴⁴			
2266-6						tsʰ ɛ ⁵⁵			
5743-6						k u ³¹			
2124-6						x w e ³³			
6947-6						t o ²¹			
5448-6						tɕʰ i ⁴⁴			
4016-6						m j ɛ ³⁵			
5813-6						tɕʰ i ⁴⁴			
2949-6						m i ³²			
3813-6						tɕʰ e ⁵⁵			
3009-6						p ɯ ²¹			
1153-6						m e ³⁵			
3355-6						p i ³⁵			
6426-6						tsʰ o ⁴⁴			
5027-6						s a ³²			
4707-6						m a ³⁵			
3139-6						k ɤ ²¹			
6595-6						p e ⁴⁴			
5243-6						k ɤ ³²			
5274-6						tsʰ ɛ ³³			
6578-6						ɕ i ⁵⁵			
1612-6						ts ɿ ⁵⁵			
3183-6						ts ɔ ³²			
4559-6						ts ɤ ³²			
4718-6						x a ⁵⁵			
2036-6						w a ³²			
3853-6						m i ⁵⁵			
3854-6						w a ⁴⁴			
4275-6						w a ⁴⁴			
6961-6						w ɛ ⁴²			
5651-6						ts ɤ ³³			
5682-6						tʃʰ u ³³			
5118-6						ts e ³⁵			
1411-6						tʃʰ w a ³³			
4507-6						ts e ³³			
4824-6						s ɯ ³⁵			
3246-6						n a ²¹			
317-6						p j ɛ ⁴⁴			
2215-6						m u ²¹			
2016-6						k ɛ ³⁵			
2155-6						ts ɛ ³⁵			
3575-6						k w ɔ ²¹			
3434-6						x w a ³⁵			
3168-6						z ɯ ⁴⁴			
2291-6						pʰ e ⁴⁴			
6148-6						m i ³³			
5058-6						w a ⁴⁴			
6271-6						pʰ j a ⁴⁴			
2453-6						tɕʰ i ⁴⁴			
1483-6						ɲ i ⁴⁴			
5370-6						ts e ⁴²			
3684-6						t ɛ ⁴⁴			
3685-6						f ɛ ⁴⁴			
3664-6						v ɤ ³³			
440-6						p ɛ ³¹			
5167-6						j ɔ ³¹			
6282-6						ɲ i ⁴⁴			
1380-6						m ɛ ²¹			
3585-6						p i ³³			
6992-6						ɲ i ⁴⁴			
5623-6						o ³³			
1519-6						ɲ i ⁴⁴			
3385-6						tsʰ ɛ ⁵⁵			
2718-6						ts ɤ ³³			
6300-6						m e ⁵⁵			
1496-6						ɲ i ⁴⁴			
5128-6						j i ³³			
1885-6						t ɔ ³¹			
3873-6						kʰ ɯ ³³			
996-6						pʰ i ⁵⁵			
997-6						j i ⁴⁴			
1570-6						n a ²¹			
5475-6						ʃ w a ⁵⁵			
5017-6						tsʰ o ³¹			
2330-6						ɕ o ³⁵			
6252-6						s ɔ ³⁵			
6253-6						kʰ u ³³			
4216-6						j i ⁴⁴			
1874-6						p j a ⁴⁴			
4227-6						a ³¹			
4246-6						a ³¹			
6028-6						a ³¹			
95-6						ɲ i ²¹			
22-6						p e ²¹			
33-6						t ɯ ²¹			
6678-6						ŋ a ⁵⁵			
5263-7							x ẽ ⁵⁵		
452-7							t ou ³¹		
4342-7							t ou ³¹		
4344-7							tsʰ ou ³¹		
5487-7							t ou ³¹		
1401-7							pʰ ɔ ⁴⁴		
6496-7							tsʰ ou ³¹		
1064-7							l a ³⁵		
1065-7							ts ɿ ³¹		
6617-7							t ɔ ²¹		
4367-7							t a ²¹		
4378-7							ɕ y ⁵⁵		
4379-7							l i ⁵⁵		
3984-7							s ɛ̃ ³³		
5086-7							tsʰ u ³³		
3333-7							s e ⁴⁴		
2226-7							x o ³⁵		
2373-7							kʰ o ³³		
2363-7							s ou ⁵⁵		
672-7							tsʰ ɛ̃ ⁵⁵		
673-7							k ou ³¹		
2690-7							p o ²¹		
6337-7							p a ⁴⁴		
6319-7							t ou ³¹		
2617-7							s ou ³³		
2066-7							s ou ³³		
2094-7							s ou ³³		
2096-7							kʲ ɛ ⁴⁴		
798-7							p a ⁴²		
6668-7							ɕ y ³³		
4028-7							t e ⁴⁴		
6555-7							k w a ⁴⁴		
2281-7							k ɔ ⁴⁴		
701-7							k w a ⁴⁴		
628-7							s w a ⁴⁴		
3096-7							ts ɿ ³³		
3021-7							ts ɤ̃ ²¹		
2708-7							ɕ ĩ ⁵⁵		
3462-7							k ã ⁵⁵		
1932-7							s ɿ ³³		
6469-7							s ɿ ³¹		
4454-7							n i ²¹		
4455-7							k ɛ̃ ³⁵		
6926-7							n ɛ̃ ³³		
6927-7							n i ²¹		
3916-7							m ɔ ³³		
6822-7							n i ³¹		
5417-7							ts ɿ ³³		
1959-7							x ɛ̃ ³¹		
1960-7							t ɛ ³⁵		
2899-7							x ɔ ²¹		
3651-7							z ɿ ³³		
811-7							k u ²¹		
1633-7							m e ²¹		
1775-7							k ou ⁵⁵		
5801-7							kʲ ɛ ⁴²		
4769-7							l ɔ ³¹		
3720-7							k ã ³⁵		
6446-7							m e ³³		
1255-7							pʰ ɛ ⁵⁵		
3595-7							n i ⁴⁴		
1600-7							p e ³³		
242-7							ts ɿ ³⁵		
3739-7							kʲ ɛ ²¹		
5984-7							ts o ²¹		
838-7							s o ³⁵		
839-7							t o ²¹		
3149-7							j i ³⁵		
2829-7							tɕ ɛ̃ ²¹		
4602-7							tɕ i ³⁵		
5225-7							l ɔ ²¹		
3933-7							ɕ ɛ̃ ⁴²		
5763-7							ts o ⁴²		
2134-7							ɕ ĩ ⁵⁵		
5724-7							t ɯ ³⁵		
5704-7							ts o ⁴²		
5705-7							kʰ w e ⁵⁵		
5037-7							tɕʰ i ³¹		
5038-7							t ã ³⁵		
4332-7							ts ɿ ³³		
5447-7							tsʰ ɛ̃ ⁵⁵		
3702-7							s ɿ ³¹		
1549-7							s ɯ̃ ⁴²		
2394-7							k ɯ ³³		
1-7							w ẽ ⁴²		
2947-7							t ou ²¹		
4653-7							kʲ ɛ ⁴²		
4989-7							kʲ ɛ ⁴²		
3749-7							j ɔ ⁴⁴		
3452-7							tɕʰ ɛ̃ ⁵⁵		
598-7							ŋ a ⁴⁴		
638-7							pʰ ou ⁵⁵		
2819-7							p ɔu ⁴⁴		
4477-7							kʰ w a ⁴⁴		
4487-7							ts ɿ ⁴²		
4666-7							tɕ i ⁴⁴		
5661-7							t a ⁴²		
4923-7							ts ɛ̃ ⁴²		
4913-7							k ɯ ²¹		
1143-7							m ɛ ⁴⁴		
4864-7							ɕ ã ³⁵		
3184-7							s ou ³³		
4591-7							ts ɔ ⁴⁴		
1431-7							s ɛ ⁴⁴		
3323-7							kʰ ẽ ⁵⁵		
6709-7							ts ɯ̃ ³³		
903-7							m ɛ ⁴²		
5098-7							k ou ²¹		
5994-7							k ã ³⁵		
6971-7							s w a ⁴⁴		
763-7							ts ɯ̃ ³⁵		
691-7							x w a ⁴⁴		
1083-7							t w ɔ ⁴²		
1421-7							kʲ ɛ ⁴²		
6699-7							t ɯ̃ ⁴²		
2628-7							s ã ⁵⁵		
1696-7							x ɔ ⁴²		
6179-7							kʲ ɛ ⁵⁵		
6180-7							ts ɿ ⁵⁵		
6658-7							s e ³³		
1231-7							ɕ ɛ ²¹		
4265-7							kʰ ou ⁵⁵		
2787-7							ts ã ²¹		
3247-7							ts ɿ ⁵⁵		
252-7							t ã ⁴²		
6004-7							k ã ³⁵		
4728-7							tɕ a ⁴⁴		
3843-7							w ã ⁴⁴		
4965-7							tsʰ a ²¹		
5641-7							t a ³¹		
3280-7							s ɔu ²¹		
1390-7							kʰ ɔu ⁴⁴		
2156-7							w ã ⁴⁴		
3433-7							ɕ i ²¹		
552-7							ɕ ɛ ⁴²		
4845-7							tɕ i ⁴⁴		
4846-7							t ou ⁴⁴		
2292-7							m ou ³¹		
6635-7							n j ɔ ⁴⁴		
3994-7							t ou ⁴⁴		
3031-7							z ɔu ³³		
6078-7							z ou ³³		
1644-7							tʰ ɯ ⁵⁵		
2435-7							n i ⁴²		
1676-7							t w a ⁴²		
6281-7							kʲ e ⁵⁵		
5915-7							tsʰ ɛ̃ ⁵⁵		
1560-7							ɕ i ³³		
575-7							t ɔu ²¹		
5319-7							s e ²¹		
2797-7							k ã ³⁵		
6991-7							tɕ i ²¹		
3513-7							ts ã ²¹		
5205-7							tsʰ o ⁵⁵		
6109-7							tsʰ u ⁵⁵		
2056-7							m ɔu ⁴²		
6099-7							k ɯ ³³		
6119-7							p ɔu ⁴²		
1978-7							t w ẽ ³³		
3973-7							tɕ i ³⁵		
2046-7							ɕ u ³³		
5622-7							ɕ ɛ̃ ⁵⁵		
648-7							tɕʰ ɛ̃ ⁵⁵		
6789-7							p ɛ ⁴²		
618-7							x ou ⁴⁴		
2384-7							m a ³³		
1124-7							k ã ⁵⁵		
1125-7							tɕ ɯ̃ ⁴²		
4178-7							k u ³³		
1686-7							k ã ³⁵		
1495-7							ts ɛ ²¹		
4090-7							ɕ ĩ ⁵⁵		
4802-7							x ɛ̃ ⁵⁵		
1764-7							z u ³³		
3270-7							m e ³³		
1884-7							kʲ i ⁴²		
1203-7							k ɯ ³⁵		
6645-7							w ẽ ³⁵		
608-7							kʰ u ³³		
2889-7							tɕʰ ĩ ⁵⁵		
5350-7							tsʰ u ³¹		
6158-7							kʰ a ⁴⁴		
4306-7							ɕ ɛ̃ ³¹		
4891-7							k ou ⁴²		
6436-7							k ɔu ³³		
6213-7							s ã ⁵⁵		
2320-7							ɕ i ⁴⁴		
5253-7							f ɤ ⁴⁴		
5108-7							tɕʰ i ⁴⁴		
4100-7							tɕ ou ³³		
6018-7							ts ɿ ⁴²		
1352-7							ŋ ɯ ²¹		
4228-7							p ɛ ⁴⁴		
4247-7							tɕʰ ĩ ⁵⁵		
75-7							ts ɿ ³³		
118-7							k w a ⁴⁴		
2866-7							m ɛ ³³		
64-7							kʰ w ɔ ³³		
43-7							kʰ ã ⁵⁵		
128-7							ŋ ɔ ³¹		
7023-7							n ɔ ³¹		
7012-7							n a ⁵⁵		
4497-7							t e ⁴²		
2928-7							tɕ ɔ ⁵⁵		
148-7							ɣ ou ³³		
1623-7							kʰ w ã ³³		
2648-7							tʰ ɔ ⁵⁵		
2649-7							l ɔ ⁵⁵		
6242-7							l o ²¹		
3943-7							ɕ ɛ ⁴⁴		
1026-7							kʲ e ³⁵		
6404-7							k ɯ ⁵⁵		
585-7							ts ɔ ⁴⁴		
1731-7							w a ⁴²		
5510-7							l a ³⁵		
5360-7							kʰ ɛ ³³		
879-7							k ɔ ³⁵		
880-7							l i ⁴⁴		
271-7							p i ²¹		
3565-7							ɕ i ⁴⁴		
3896-7							m ɔ ⁴⁴		
3897-7							ts ɿ ³³		
1816-7							tɕ ɛ̃ ²¹		
3343-7							tɕ i ⁴²		
1864-7							s ẽ ⁴²		
2026-7							m a ²¹		
6223-7							x ẽ ⁵⁵		
6224-7							m ɛ ²¹		
337-7							ts ɛ ⁴⁴		
4295-7							k u ²¹		
384-7							m i ³⁵		
385-7							z o ²¹		
869-7							k ɯ ²¹		
2745-7							s ɤ ³⁵		
4690-7							k w a ⁵⁵		
4423-7							s u ³⁵		
5380-7							s w e ⁴⁴		
4436-7							ts ɿ ²¹		
2519-7							tsʰ u ³³		
4975-7							m e ³¹		
4548-7							w a ⁴²		
4397-7							p e ²¹		
6203-7							tɕʰ i ³¹		
2689-7							t ou ²¹		
2599-7							t ou ²¹		
2600-7							m a ³⁵		
1914-7							w ẽ ³³		
1903-7							w ẽ ³³		
6336-7							ts ɿ ³³		
473-7							u ²¹		
4065-7							k u ²¹		
6554-7							j i ³⁵		
3114-7							t e ⁴⁴		
4942-7							kʲ ɛ ³⁵		
3615-7							pʰ j a ⁴⁴		
4197-7							k u ³³		
4198-7							n i ²¹		
1474-7							n ɛ̃ ³³		
6531-7							j ou ⁴⁴		
4954-7							tʰ u ³³		
1173-7							j i ³⁵		
6365-7							k w ã ³⁵		
6380-7							tɕʰ ɛ̃ ⁵⁵		
924-7							m ɔ ⁵⁵		
752-7							tɕ i ²¹		
4316-7							p i ³¹		
5181-7							n i ²¹		
5785-7							pʰ u ³¹		
4770-7							p ɔ ³¹		
2755-7							pʰ j ɔ ³¹		
1298-7							x ɛ ⁵⁵		
784-7							tsʰ ã ⁵⁵		
3596-7							t ou ²¹		
5007-7							p ĩ ³⁵		
3150-7							t ã ³⁵		
3780-7							w ẽ ⁴²		
1706-7							tɕ i ³⁵		
403-7							p ã ³¹		
5329-7							kʲ i ⁴²		
1113-7							z ɛ̃ ²¹		
232-7							tɕʰ i ⁵⁵		
5925-7							ts ɛ ³⁵		
5926-7							ts o ³³		
5723-7							p ã ⁴²		
3064-7							ts ou ⁴²		
3065-7							k ɯ ³⁵		
3793-7							kʲ ɛ̃ ⁴²		
1215-7							ɕ ɛ ³⁵		
4409-7							f ɤ ⁴⁴		
720-7							s ɤ ³⁵		
721-7							tɕʰ w ɛ ⁴⁴		
2266-7							kʰ ɛ ⁴⁴		
5743-7							k u ²¹		
2124-7							x w e ³³		
6947-7							t ã ²¹		
5448-7							tɕʰ i ⁴⁴		
4016-7							m j ɛ ³⁵		
5429-7							m ɛ ²¹		
5813-7							tɕʰ i ⁴⁴		
2949-7							m ou ⁵⁵		
3813-7							tɕʰ ĩ ⁵⁵		
3009-7							p ou ²¹		
4988-7							ɣ ɯ ⁴²		
1153-7							m i ³⁵		
530-7							ɣ ɯ ³³		
1854-7							j ou ⁴⁴		
4812-7							ɣ ou ⁴²		
3355-7							p i ³⁵		
6426-7							tsʰ ɔ ³³		
5027-7							s a ⁴⁴		
4707-7							m a ³⁵		
3139-7							k ɯ ²¹		
6595-7							p e ⁴⁴		
5243-7							k ɯ ⁴²		
5274-7							tsʰ ɛ̃ ³³		
6578-7							tɕʰ ĩ ⁵⁵		
1612-7							ts ɿ ⁵⁵		
3183-7							ts ɔ ⁴²		
4559-7							tɕ ɛ̃ ⁴²		
4718-7							x ã ⁵⁵		
2036-7							w e ⁴²		
3853-7							m i ³⁵		
3854-7							w ã ⁴⁴		
4275-7							w ã ⁴⁴		
6961-7							w ɛ ⁴²		
5682-7							tsʰ u ³³		
5118-7							ts ẽ ³⁵		
1411-7							tsʰ w ã ³³		
4824-7							s ou ³⁵		
3246-7							n a ²¹		
317-7							p j ɛ ⁴⁴		
2215-7							m ou ²¹		
2016-7							kʲ ɛ̃ ³⁵		
2155-7							ts ɛ̃ ³⁵		
3434-7							x w ã ³⁵		
3168-7							z ɛ̃ ²¹		
2291-7							pʰ ĩ ³³		
5058-7							w ã ⁴⁴		
6271-7							pʰ j ɛ ⁴⁴		
2453-7							tɕʰ ɛ ⁴²		
1483-7							n i ⁴⁴		
5370-7							ts e ⁴⁴		
3684-7							t ɛ̃ ⁴⁴		
3685-7							f ɛ ⁴⁴		
3664-7							ɤ ³³		
440-7							p ɛ̃ ³¹		
5167-7							j u ²¹		
6282-7							n i ⁴⁴		
3585-7							p i ³³		
6992-7							n i ⁴⁴		
5623-7							kʰ ɔ ³³		
1519-7							n i ⁴⁴		
3385-7							tsʰ ɛ̃ ⁵⁵		
6300-7							m e ⁵⁵		
1496-7							n i ⁴⁴		
5128-7							j i ³¹		
3873-7							kʰ ɯ ³³		
996-7							pʰ ĩ ⁵⁵		
997-7							j i ⁴⁴		
1570-7							n a ³¹		
5475-7							s w ã ⁵⁵		
5017-7							tsʰ ã ³¹		
2330-7							ɕ ã ³⁵		
6252-7							s ɔ ³⁵		
6253-7							kʰ u ³³		
1874-7							p j a ⁴⁴		
4227-7							a ³¹		
4246-7							a ³¹		
6028-7							a ³¹		
22-7							p e ²¹		
6678-7							ŋ a ⁵⁵		
5263-8								x e ⁵⁵	
452-8								d ɯ ³¹	
4342-8								d ɯ ³¹	
4344-8								tsʰ ɯ ³¹	
5487-8								d ɯ ³¹	
1401-8								pʰ u ⁴⁴	
6496-8								tsʰ ɯ ³¹	
1064-8								l a ³⁵	
1065-8								ts ɿ ³¹	
6617-8								t ɔ ²¹	
4367-8								t a ²¹	
4378-8								ɕ y ⁵⁵	
4379-8								l i ⁵⁵	
3984-8								s ɛ ³³	
5086-8								dz ɯ ³³	
3333-8								s ɛ ⁴⁴	
2226-8								x ao ³³	
2373-8								kʰ ao ³³	
2363-8								s o ³³	
672-8								tsʰ ɿ ⁵⁵	
673-8								k ɯ ³¹	
2690-8								p ao ²¹	
6337-8								p a ³³	
6319-8								ts e ⁴²	
2617-8								ʃ ɤ ³³	
2066-8								ʃ ɤ ³³	
2094-8								ʃ ɤ ³³	
2096-8								k ɛ ⁴⁴	
798-8								p a ⁴²	
6668-8								ɕ y ³³	
4028-8								t u ⁴⁴	
6555-8								k w a ⁴⁴	
2281-8								k u ³³	
701-8								k w a ⁴⁴	
628-8								s w a ⁴⁴	
3096-8								ts ɿ ³³	
3021-8								ts ao ²¹	
2708-8								s e ⁵⁵	
3462-8								k a ³⁵	
1932-8								s ɿ ³³	
6469-8								s ɿ ³¹	
4454-8								ɲ i ²¹	
4455-8								k ɛ ³⁵	
6926-8								ɲ ɤ ³³	
6927-8								ɲ i ²¹	
3916-8								m ɔ ³³	
6822-8								ɲ i ²¹	
5417-8								ts ɿ ³³	
1959-8								x a ³¹	
1960-8								t ɤ ⁵⁵	
2899-8								x ao ²¹	
3651-8								dz ɿ ³³	
811-8								k u ²¹	
1633-8								m ɛ ²¹	
1775-8								k ɤ ³¹	
5801-8								k ɛ ⁴²	
4769-8								l ao ³¹	
3720-8								k a ³⁵	
6446-8								m e ³³	
1255-8								pʰ ɛ ⁵⁵	
3595-8								ɲ i ⁴⁴	
1600-8								p e ³³	
242-8								ts ɿ ³⁵	
3739-8								k ɛ ²¹	
5984-8								ts ao ²¹	
838-8								s ao ³⁵	
839-8								t ao ²¹	
3149-8								j i ⁵⁵	
2829-8								ts ɯ ²¹	
4602-8								tɕ i ³¹	
5225-8								l ɔ ²¹	
3933-8								ʃ ɤ ⁴²	
5763-8								ts ɔ ⁴²	
2134-8								s e ⁵⁵	
5724-8								t ɯ ³⁵	
5704-8								ts o ⁴²	
5705-8								kʰ w e ⁵⁵	
5037-8								tɕ i ²¹	
5038-8								t a ³⁵	
4332-8								dz ɿ ³³	
5447-8								tsʰ ɛ ⁵⁵	
3702-8								s ɿ ³¹	
1549-8								s e ³⁵	
2394-8								k ɤ ³³	
1-8								w ɛ ⁴²	
2947-8								t ɯ ³¹	
4653-8								k ɛ ⁴²	
4989-8								k ɛ ⁴²	
3749-8								j ao ⁴⁴	
3452-8								tɕʰ ɛ ⁵⁵	
598-8								ŋ a ⁴⁴	
638-8								pʰ ɯ ⁵⁵	
2819-8								p o ⁴⁴	
4477-8								kʰ w a ⁴⁴	
4487-8								ts ɿ ⁴²	
4666-8								tɕ i ³³	
5661-8								t a ⁴²	
4923-8								ts ɛ ³¹	
4913-8								k ɯ ²¹	
1143-8								m ɛ ⁴⁴	
4864-8								ɕ a ³⁵	
3184-8								s ɯ ³³	
4591-8								ts u ⁴⁴	
1431-8								s ɛ ⁴⁴	
3323-8								kʰ e ⁵⁵	
6709-8								ts ɯ ⁴⁴	
903-8								m ɛ ⁴²	
5098-8								k ɯ ²¹	
5994-8								k a ³⁵	
6971-8								s w a ⁴⁴	
763-8								ts ɯ ³⁵	
691-8								x w a ⁴⁴	
1083-8								t o ⁴²	
1421-8								k ɛ ⁴²	
6699-8								t ɯ ⁴²	
2628-8								s ɔ ⁵⁵	
1696-8								x ɔ ³¹	
6179-8								k ɛ ⁵⁵	
6180-8								ts ɿ ⁵⁵	
6658-8								s e ³³	
1231-8								ʃ ɤ ³¹	
4265-8								kʰ ɯ ⁵⁵	
2787-8								ts ɔ ²¹	
3247-8								ts ɿ ⁵⁵	
252-8								t a ³⁵	
6004-8								k a ³¹	
4728-8								s a ⁵⁵	
3843-8								ŋ w a ⁴⁴	
4965-8								tɕʰ a ³¹	
5641-8								t a ³¹	
3280-8								s ao ³¹	
1390-8								kʰ u ⁴⁴	
2156-8								ŋ w a ⁴⁴	
3433-8								ɕ i ³¹	
552-8								ɕ i ³¹	
4845-8								tɕ i ⁴⁴	
4846-8								t o ³³	
2292-8								m ɛ ³¹	
6635-8								ɲ ɔ ⁴⁴	
3994-8								t ɯ ⁴⁴	
3031-8								ts ɿ ³³	
6078-8								z ɿ ³³	
1644-8								tʰ ɯ ⁵⁵	
2435-8								ɲ i ⁴⁴	
1676-8								l w a ⁴²	
6281-8								k ɛ ⁵⁵	
5915-8								tsʰ ɿ ⁵⁵	
1560-8								ɕ i ³³	
575-8								d ao ³¹	
5319-8								s e ³¹	
2797-8								k a ³⁵	
6991-8								tɕ i ³¹	
3513-8								ts ɔ ²¹	
5205-8								tsʰ ɯ ⁵⁵	
6109-8								tsʰ u ⁵⁵	
2056-8								m ɔ ⁴²	
6099-8								k ɯ ³³	
6119-8								p ɔ ⁴²	
1978-8								t w e ³³	
3973-8								tɕ i ³⁵	
2046-8								ɕ u ³³	
5622-8								ɕ ɛ ⁵⁵	
648-8								tɕʰ ɛ ⁵⁵	
6789-8								p ɛ ⁴²	
618-8								x ɯ ⁴⁴	
2384-8								m a ³³	
1124-8								k a ³⁵	
1125-8								tɕ ɯ ⁴²	
4178-8								k u ³³	
1686-8								k a ³⁵	
1495-8								ts ɿ ³³	
4090-8								s e ⁵⁵	
4802-8								x ɛ ⁵⁵	
1764-8								ts u ³³	
3270-8								m e ³³	
1884-8								k ɛ ⁴²	
1203-8								k ɯ ³⁵	
6645-8								w ɛ ⁴⁴	
608-8								kʰ u ³³	
2889-8								tɕʰ i ⁵⁵	
5350-8								tsʰ u ³¹	
6158-8								kʰ a ⁴⁴	
4306-8								s ɿ ³¹	
4891-8								k ɤ ³¹	
6436-8								k ɔ ³³	
6213-8								s a ⁵⁵	
2320-8								ɕ i ⁴⁴	
5253-8								f ɤ ⁴⁴	
5108-8								tɕʰ i ⁴⁴	
4100-8								tɕ ɯ ³³	
6018-8								ts ɿ ⁴²	
1352-8								ŋ ɯ ²¹	
4228-8								p ɛ ⁴⁴	
4247-8								tɕʰ i ⁵⁵	
75-8								ts ɯ ³³	
118-8								k w a ⁴⁴	
2866-8								m ɛ ³³	
64-8								kʰ ɔ ³³	
43-8								kʰ ɔ ⁵⁵	
128-8								ŋ ɔ ³¹	
7023-8								n ɔ ³¹	
7012-8								n a ⁵⁵	
4497-8								t ɛ ⁴²	
2928-8								tɕ i ⁵⁵	
148-8								x ɯ ⁴⁴	
1623-8								kʰ w a ³³	
2648-8								tʰ ao ⁵⁵	
2649-8								l ao ⁴⁴	
6242-8								l ao ²¹	
3943-8								ʃ ɤ ³³	
1026-8								k e ³⁵	
6404-8								k ɯ ⁵⁵	
585-8								ts u ⁴⁴	
1731-8								w a ⁴⁴	
5510-8								l ɔ ⁵⁵	
5360-8								kʰ ɤ ³³	
879-8								k ɔ ⁵⁵	
880-8								l ɛ ⁴⁴	
271-8								p i ²¹	
3565-8								ɕ i ⁴⁴	
3896-8								m ɯ ⁴⁴	
3897-8								ts ɿ ³³	
1816-8								tɕ i ³¹	
3343-8								tɕ i ⁴⁴	
1864-8								s ɛ ⁴²	
2026-8								m a ²¹	
6223-8								x e ⁵⁵	
6224-8								m ɛ ²¹	
337-8								ts ɤ ⁴⁴	
4295-8								k ao ²¹	
384-8								m i ³⁵	
385-8								z ɔ ²¹	
869-8								k ɤ ²¹	
2745-8								s ɿ ³³	
4690-8								k w a ⁵⁵	
4423-8								s u ³⁵	
5380-8								ɕ ɥ ɛ ⁴⁴	
2519-8								tsʰ u ³³	
4548-8								w a ⁴²	
4397-8								p e ²¹	
6203-8								tɕʰ i ³¹	
2689-8								d ɯ ²¹	
2599-8								d ɯ ²¹	
2600-8								m a ³⁵	
1913-8								dʑ y ³³	
1914-8								ŋ w e ³³	
1903-8								ŋ w e ³³	
6336-8								ts ɿ ³³	
473-8								w u ²¹	
4065-8								k ao ⁴²	
6554-8								j i ³⁵	
3114-8								ts ɛ ³³	
4942-8								k ɯ ³⁵	
3615-8								pʰ j a ⁴⁴	
4197-8								k u ³³	
4198-8								ɲ i ²¹	
1474-8								ɲ ɤ ³³	
6531-8								j ɯ ⁴⁴	
4954-8								tʰ u ³³	
4517-8								dz ɯ ³³	
1173-8								j i ³⁵	
6365-8								k w a ³⁵	
6730-8								tɕ i ³¹	
924-8								m o ³³	
752-8								tɕ i ²¹	
4316-8								b j ɯ ²¹	
5181-8								ŋ ɛ ²¹	
5785-8								pʰ u ³¹	
4770-8								p ao ³¹	
2755-8								pʰ j ɔ ³¹	
1298-8								x ɛ ⁵⁵	
784-8								tsʰ a ⁵⁵	
3596-8								t ɯ ³¹	
1799-8								tɕ i ³¹	
5007-8								p i ³⁵	
5465-8								x ɛ ⁵⁵	
170-8								dz ɿ ³³	
3150-8								t a ⁵⁵	
3780-8								ŋ w e ⁴²	
1706-8								tɕ i ³⁵	
403-8								p a ³¹	
5329-8								k ɛ ⁴²	
1103-8								dz ɤ ³¹	
1113-8								z ɛ ²¹	
232-8								tɕʰ i ⁵⁵	
5926-8								ts ɿ ³³	
5723-8								p a ⁴²	
3064-8								ts ao ³¹	
3065-8								k ɯ ³⁵	
3793-8								k ɛ ⁴²	
1215-8								ʃ ɤ ³⁵	
4409-8								f ɤ ³³	
720-8								ʃ ɤ ³⁵	
721-8								tsʰ w ɛ ⁴⁴	
2266-8								kʰ ɤ ⁴⁴	
5743-8								g u ³¹	
2124-8								x w e ³³	
5448-8								tɕʰ i ⁴⁴	
4016-8								m j ɛ ³⁵	
5429-8								m ɛ ³¹	
5813-8								tɕʰ i ⁴⁴	
2949-8								m ɯ ⁵⁵	
3813-8								ts e ²¹	
4988-8								ʔ ɯ ⁴²	
1153-8								m i ³⁵	
530-8								x ɯ ⁵⁵	
1854-8								j ɯ ⁴⁴	
4812-8								ɣ ɯ ⁴²	
3355-8								p i ³⁵	
5027-8								s a ⁴⁴	
4707-8								m a ³⁵	
3139-8								k ɤ ²¹	
6595-8								p e ⁴⁴	
5243-8								k ɤ ⁴²	
5274-8								tsʰ ɛ ³³	
1612-8								ts ɿ ⁵⁵	
3183-8								ts ɔ ⁴²	
4718-8								x a ⁵⁵	
2036-8								w ɛ ⁴²	
3853-8								m i ⁵⁵	
3854-8								ŋ w a ⁴⁴	
4275-8								ŋ w a ⁴⁴	
6961-8								w ɛ ⁴²	
5651-8								dz ɤ ⁴⁴	
5682-8								tsʰ u ³³	
5118-8								ts e ³⁵	
1411-8								tsʰ w a ³³	
4507-8								t w e ³³	
4824-8								s ɤ ³⁵	
3246-8								n a ²¹	
317-8								p j ɛ ⁴⁴	
2215-8								m u ²¹	
2016-8								k ɛ ³⁵	
2155-8								ts ɛ ³⁵	
3575-8								k ɔ ²¹	
3434-8								x w a ³⁵	
3168-8								z ɿ ³³	
2291-8								pʰ ɛ ³³	
6148-8								m i ³³	
6271-8								pʰ j a ⁴⁴	
2453-8								tɕʰ i ³³	
5370-8								ts e ⁴⁴	
3684-8								t ɛ ⁴⁴	
3685-8								f ɛ ⁴⁴	
3664-8								v ɤ ³³	
440-8								p ɛ ³¹	
5167-8								j o ³¹	
1380-8								m ɛ ²¹	
3585-8								p i ³³	
5623-8								kʰ ɔ ³³	
3385-8								tsʰ ɛ ⁵⁵	
2718-8								dz ɤ ³³	
6300-8								m ɛ ⁵⁵	
5128-8								j ɛ ³¹	
1885-8								t ɔ ³¹	
3873-8								kʰ ɛ ⁵⁵	
996-8								pʰ i ⁵⁵	
997-8								j i ⁴⁴	
1570-8								n a ³¹	
5475-8								s w a ⁵⁵	
5017-8								tsʰ ɔ ³¹	
2330-8								ɕ ɔ ³⁵	
6252-8								s ɔ ³⁵	
6253-8								kʰ u ³³	
4216-8								j i ⁴⁴	
1874-8								p j a ⁴⁴	
4227-8								a ³¹	
4246-8								a ³¹	
6028-8								a ³¹	
95-8								ɲ i ²¹	
22-8								p e ²¹	
33-8								t ɯ ²¹	
6678-8								ɲ a ⁵⁵	
5263-9									x e ⁵⁵
452-9									t ɯ ³¹
4342-9									t ɯ ³¹
4344-9									tsʰ ɯ ³¹
5487-9									t ɯ ³¹
1401-9									pʰ o ⁴⁴
6496-9									tsʰ ɯ ³¹
1064-9									l a ³⁵
1065-9									ts ɿ ³³
6617-9									t ɔ ²¹
4367-9									t a ²¹
4378-9									ɕ y ⁵⁵
4379-9									l i ⁵⁵
3984-9									s ɛ ²¹
5086-9									ts ɤ ³³
3333-9									s e ⁴⁴
2226-9									x w ɔ ³⁵
2373-9									kʰ w ɔ ³³
2363-9									s o ⁵⁵
672-9									tsʰ ɿ ⁵⁵
673-9									k ɯ ³¹
2690-9									p ɔ ²¹
6337-9									p a ⁴⁴
6319-9									ts e ⁴²
2617-9									s ɯ ³³
2066-9									s ɯ ³³
2094-9									s ɯ ³³
2096-9									kʲ ɛ ⁴⁴
798-9									p a ⁴²
6668-9									ɕ y ³³
4028-9									t e ⁴⁴
6555-9									k w a ⁴⁴
2281-9									k o ⁴⁴
701-9									k w a ⁴⁴
628-9									s w a ⁴⁴
3096-9									ts ɿ ³³
3021-9									ts o ²¹
2708-9									ɕ i ³⁵
3462-9									k a ³⁵
1932-9									s ɿ ³³
6469-9									s ɿ ³³
4454-9									ɲ i ²¹
4455-9									kʲ ɛ ³⁵
6926-9									ɲ ɤ ³³
6927-9									ɲ i ²¹
3916-9									m ɔ ³³
6822-9									ɲ i ²¹
5417-9									ts ɿ ³³
1959-9									x ɔ ³¹
1960-9									t ɤ ³⁵
2899-9									x ɔ ³¹
3651-9									ts ɿ ³³
811-9									k u ²¹
1633-9									m e ²¹
1775-9									k u ²¹
5801-9									kʲ ɛ ³²
4769-9									l ɔ ³¹
3720-9									k a ³⁵
6446-9									m e ³³
1255-9									pʰ ɛ ⁵⁵
3595-9									ɲ i ⁴⁴
1600-9									p e ³³
242-9									ts ɿ ³⁵
3739-9									kʲ ɛ ²¹
5984-9									ts ɔ ²¹
838-9									s ɔ ³⁵
839-9									t ɔ ²¹
3149-9									j i ³⁵
2829-9									ts ɤ ²¹
4602-9									kʲ i ³⁵
5225-9									l ɔ ²¹
3933-9									s ɤ ³²
5763-9									ts ɔ ⁴²
2134-9									ɕ i ⁵⁵
5724-9									t ɯ ³⁵
5704-9									ts o ⁴²
5705-9									kʰ w e ³⁵
5037-9									tɕʰ i ³¹
5038-9									t a ³⁵
4332-9									ts ɿ ³³
5447-9									tɕʰ i ⁴⁴
3702-9									s ɿ ³¹
1549-9									z ɿ ³¹
2394-9									k ɤ ³³
1-9									v e ⁴²
2947-9									tɕ i ³¹
4653-9									kʲ ɛ ³²
4989-9									kʲ ɛ ³²
3749-9									j o ⁴⁴
3452-9									tɕʰ ɛ ⁵⁵
598-9									ŋ a ⁴⁴
638-9									pʰ ɯ ⁵⁵
2819-9									p o ⁴⁴
4477-9									kʰ w a ⁴⁴
4487-9									ts ɿ ⁴²
4666-9									kʲ i ³³
5661-9									t a ⁴²
4923-9									ts ɛ ³²
4913-9									k ɯ ²¹
1143-9									m ɛ ⁴⁴
4864-9									ɕ ɑ ³⁵
3184-9									s ɯ ³³
4591-9									ts ɔ ⁴⁴
1431-9									s ɛ ⁴⁴
3323-9									kʰ e ⁵⁵
6709-9									ts ɯ ⁴⁴
903-9									m ɛ ³²
5098-9									k ɯ ²¹
5994-9									k a ³⁵
6971-9									s w a ⁴⁴
763-9									ts ɯ ³⁵
691-9									x w a ⁴⁴
1083-9									t u ⁴²
1421-9									kʲ ɛ ³²
6699-9									t ɯ ³²
2628-9									s o ⁵⁵
1696-9									x ɔ ³¹
6179-9									k ɛ ⁵⁵
6180-9									ts ɿ ⁵⁵
6658-9									s e ³³
1231-9									s ɤ ³¹
4265-9									kʰ ɯ ⁵⁵
2787-9									ts o ²¹
3247-9									ts ɿ ⁵⁵
252-9									t a ³⁵
6004-9									k ɯ ³¹
4728-9									s a ⁵⁵
3843-9									w a ⁴⁴
4965-9									tɕʰ a ²¹
5641-9									t a ²¹
3280-9									s ɔ ³¹
1390-9									kʰ o ⁴⁴
2156-9									w a ⁴⁴
3433-9									ɕ i ³¹
552-9									ɕ i ³¹
4845-9									tɕ i ⁴⁴
4846-9									t ɯ ⁴⁴
2292-9									m e ³¹
6635-9									ɲ o ⁴⁴
3994-9									t ɯ ⁴⁴
3031-9									ts ɔ ³³
6078-9									ts ɯ ³³
1644-9									tʰ ɯ ⁵⁵
2435-9									ɲ i ⁴⁴
1676-9									t w a ⁴²
6281-9									k ɛ ⁵⁵
5915-9									tsʰ ɿ ⁵⁵
1560-9									ɕ i ³³
575-9									t ɔ ³¹
5319-9									s e ³¹
2797-9									k a ³⁵
6991-9									tɕ i ²¹
3513-9									ts o ²¹
5205-9									tsʰ ɯ ⁵⁵
6109-9									tsʰ u ⁵⁵
2056-9									m u ³²
6099-9									k ɯ ³³
6119-9									p o ⁴²
1978-9									t w e ³³
3973-9									tɕ i ⁵⁵
2046-9									ɕ o ³³
5622-9									ɕ ɛ ⁵⁵
648-9									tɕʰ ɛ ⁵⁵
6789-9									p ɛ ⁴²
618-9									x ɯ ⁴⁴
2384-9									m a ³³
1124-9									k a ³⁵
1125-9									tɕ ɯ ⁴²
4178-9									k u ³³
1686-9									k a ³⁵
1495-9									ts ɿ ³³
4090-9									ɕ i ³⁵
4802-9									x ɛ ⁵⁵
1764-9									ts u ³³
3270-9									m e ³³
1884-9									k ɛ ⁴²
1203-9									k ɯ ³⁵
6645-9									w ɛ ³⁵
608-9									kʰ u ³³
2889-9									tɕʰ i ⁵⁵
5350-9									tsʰ u ³¹
6158-9									kʰ a ⁴⁴
4306-9									s ɤ ³¹
4891-9									k ɔ ²¹
6436-9									k o ³³
6213-9									s a ⁵⁵
2320-9									ɕ i ⁴⁴
5253-9									f ɤ ⁴⁴
5108-9									tɕʰ i ⁴⁴
4100-9									tɕ ɯ ³³
6018-9									ts ɿ ⁴²
1352-9									ŋ ɯ ²¹
4228-9									p ɛ ⁴⁴
4247-9									tɕʰ i ⁵⁵
75-9									ts ɿ ³³
118-9									k w a ⁴⁴
2866-9									m ɛ ³³
64-9									kʰ w ɔ ³³
43-9									kʰ o ⁵⁵
128-9									ŋ ɔ ³¹
7023-9									n ɔ ³¹
7012-9									n a ⁵⁵
4497-9									t e ⁴²
2928-9									tɕ i ⁵⁵
148-9									ɣ ɯ ³³
1623-9									kʰ w a ³³
2648-9									tʰ ɔ ⁵⁵
2649-9									l ɔ ⁵⁵
6242-9									l ɔ ²¹
3943-9									s ɤ ³²
1026-9									k e ³⁵
6404-9									k u ²¹
585-9									ts o ⁴⁴
1731-9									w a ⁴²
5510-9									l ɔ ³⁵
5360-9									kʰ ɤ ³³
879-9									k ɔ ⁵⁵
880-9									l ɛ ⁴⁴
271-9									p i ²¹
3565-9									ɕ i ⁴⁴
3896-9									m ɯ ⁴⁴
3897-9									ts ɿ ³³
1816-9									ts ɤ̃ ²¹
3343-9									tɕ i ³²
1864-9									s e ³²
2026-9									m a ²¹
6223-9									x e ⁵⁵
6224-9									m ɛ ²¹
337-9									ts ɤ ⁴⁴
4295-9									k w ɔ ²¹
384-9									m i ³⁵
385-9									z ɔ ³¹
869-9									k ɤ ²¹
2745-9									s ɿ ³³
4690-9									k w a ³⁵
4423-9									s u ³⁵
5380-9									s w e ⁴⁴
4436-9									ts ɿ ²¹
2519-9									tsʰ u ³³
4975-9									m i ⁴⁴
4548-9									w a ⁴²
4397-9									p e ²¹
6203-9									tɕʰ i ³¹
2689-9									t ɛ ²¹
2599-9									t ɯ ²¹
2600-9									m a ³⁵
1913-9									tɕ y ³³
1914-9									w e ³³
1903-9									w e ³³
6336-9									ts ɿ ³³
473-9									u ²¹
4065-9									k u ³⁵
6554-9									j i ³⁵
3114-9									ts e ⁴⁴
4942-9									k ɤ ³⁵
3615-9									pʰ j a ⁴⁴
4197-9									k u ³³
4198-9									ɲ i ²¹
1474-9									ɲ ɤ ³³
6531-9									j ɯ ⁴⁴
4954-9									tʰ u ³³
4517-9									ts ɯ ³³
1173-9									j i ³⁵
6365-9									k w a ³⁵
6730-9									tɕ i ³¹
6380-9									tɕ i ³⁵
924-9									m ɔ ³³
752-9									kʲ i ²¹
4316-9									p i ³¹
5181-9									ŋ ɛ ²¹
5785-9									pʰ u ³¹
4770-9									p ɔ ³¹
2755-9									p o ³²
1298-9									x ɛ ⁵⁵
784-9									tsʰ a ⁵⁵
3596-9									t ɯ ³¹
1799-9									tɕ i ³¹
5007-9									p i ³⁵
5465-9									x ɛ ⁵⁵
170-9									ts ɿ ³³
3150-9									t a ³⁵
3780-9									w e ³²
1706-9									tɕ i ³⁵
403-9									p a ³¹
5329-9									k e ⁴²
1103-9									ts ɤ ³¹
1113-9									z ɿ ³¹
232-9									tɕʰ i ⁵⁵
5925-9									ts e ³⁵
5926-9									ts ɿ ³³
5723-9									p a ⁴²
3064-9									ts o ⁴²
3065-9									k ɯ ³⁵
3793-9									kʲ ɛ ⁴²
1215-9									s ɤ ³⁵
4409-9									f ɤ ⁴⁴
720-9									s ɿ ³⁵
721-9									tsʰ w ɛ ⁴⁴
2266-9									kʰ ɤ ⁴⁴
5743-9									k u ³¹
2124-9									x w e ³³
6947-9									t o ²¹
5448-9									tsʰ ɿ ⁵⁵
4016-9									m j ɛ ³⁵
5429-9									m ɛ ³¹
5813-9									tsʰ ɛ ⁵⁵
2949-9									m i ³²
3813-9									ts e ⁵⁵
3009-9									p ɯ ²¹
4988-9									ɣ ɯ ⁴²
1153-9									m e ³⁵
530-9									ɣ ɯ ³³
1854-9									j ɯ ⁴⁴
4812-9									ɣ ɯ ⁴²
3355-9									p i ³⁵
6426-9									tsʰ o ⁴⁴
5027-9									s a ⁴⁴
4707-9									m a ³⁵
3139-9									k ɤ ³³
6595-9									p e ⁴⁴
5243-9									k ɤ ³²
5274-9									tsʰ ɛ ³³
6578-9									ɕ i ⁵⁵
1612-9									ts ɿ ⁵⁵
3183-9									ts ɔ ⁴²
4559-9									ts ɤ ⁴²
4718-9									x a ⁵⁵
2036-9									w e ⁴²
3853-9									m i ³⁵
3854-9									w a ⁴⁴
4275-9									w a ⁴⁴
6961-9									w ɛ ⁴²
5651-9									ts ɤ ³³
5682-9									tsʰ u ³³
5118-9									ts e ³⁵
1411-9									tsʰ w a ³³
4507-9									ts e ³³
4824-9									s ɯ ³⁵
3246-9									n a ²¹
317-9									p j ɛ ⁴⁴
2215-9									m u ²¹
2016-9									kʲ ɛ ³⁵
2155-9									ts ɛ ³⁵
3575-9									k ɔ ²¹
3434-9									x w a ³⁵
3168-9									s e ³³
2291-9									pʰ u ³³
6148-9									m i ³³
5058-9									w a ⁴⁴
6271-9									pʰ j a ⁴⁴
2453-9									ɕ i ⁴⁴
1483-9									ɲ i ⁴⁴
5370-9									ts e ³³
3684-9									t ɛ ⁴⁴
3685-9									f ɛ ⁴⁴
3664-9									v ɤ ³³
440-9									p ɛ ³¹
5167-9									j ɔ ³¹
6282-9									ɲ i ⁴⁴
1380-9									m ɛ ²¹
3585-9									p i ³³
6992-9									ɲ i ⁴⁴
5623-9									kʰ ɔ ³³
1519-9									ɲ i ⁴⁴
3385-9									tsʰ ɛ ⁵⁵
2718-9									ts ɤ ³³
6300-9									m e ⁵⁵
1496-9									ɲ i ⁴⁴
5128-9									j i ³¹
1885-9									t ɔ ³¹
3873-9									kʰ ɯ ⁵⁵
996-9									pʰ i ⁵⁵
997-9									j i ⁴⁴
1570-9									n a ³¹
5475-9									s w a ⁵⁵
5017-9									tsʰ o ³¹
2330-9									ɕ o ³⁵
6252-9									s ɔ ³⁵
6253-9									kʰ u ³³
4216-9									j i ⁴⁴
1874-9									p j a ⁴⁴
4227-9									a ³¹
4246-9									a ³¹
6028-9									a ³¹
95-9									ɲ i ³¹
22-9									p e ²¹
33-9									t ɯ ²¹
6678-9									ŋ a ⁵⁵
