COGID	Bankan_Tey	Ben_Tey	Bunoge	Jamsay	Mombo	Najamba	Nanga	Penange	Perge_Tegu	Tebul_Ure	Tiranige_Diga	Togo_Kan	Tommo_So	Toro_Tegu	Yanda_Dom	Yorno_So
715-1	d u															
1089-1	n aː															
1319-1	n ɔ															
1398-1	s u n															
1557-1	g i r e															
1626-1	w̃ a w̃															
1840-1	t i n															
2247-1	g o															
4677-1	k u r o j															
5162-1	m i r̃ e															
5406-1	t aː n i															
359-1	g a r u															
1577-1	g i r e															
2196-1	n a r̃ a															
2230-1	s i j e															
2533-1	b a r i															
3605-1	k a n d a															
3866-1	o s u															
4553-1	t aː															
4822-1	k u m b o															
5254-1	d u r a															
503-1	k i r̃ e j															
1356-1	m ãu w̃															
1881-1	n u mː u j̃															
3218-1	p u s u															
3372-1	n a m aː															
3718-1	a r i															
4135-1	b a r̃ a j̃															
4694-1	g u s u															
807-1	k o m b iː															
2320-1	k a ɲː e															
2476-1	k uː															
3719-1	m i															
4081-1	d a m b i															
4313-1	n ɛ															
4460-1	s i j̃ ɔ															
5810-1	p i n d ɛ															
93-1	d ɔ															
260-1	p i r e															
385-1	z ɛ m b ɛ															
890-1	a m b iː r i															
1336-1	t e k e															
1703-1	b ɔː															
1769-1	t ɛ m b i															
2162-1	b ɛ r ɛ															
2635-1	s o															
3031-1	d ɛː															
4591-1	k ɛ r i															
5301-1	p ɛː r u															
5605-1	t i m e j̃															
463-1	d u m b u															
1432-1	t a r iː															
1474-1	t o															
1788-1	s i r iː															
2044-1	d i m b e															
2713-1	t ɛː m b ɛ n d ɛ r ɛ															
3219-1	p a s a															
3425-1	j uː															
4184-1	ɲ ɛ j̃															
4629-1	n u m a															
4759-1	n i j̃ ɛ															
4904-1	n u m a															
4960-1	dʒ i nː aː r u															
4980-1	t ɔ t i															
5059-1	g u r o															
5339-1	p aː															
5549-1	t a w a															
5905-1	t i n															
5922-1	b i r aː															
5938-1	a d u n a															
1-1	p ɛ															
483-1	g u s u															
629-1	d ɔ															
667-1	ɛ w ɛ															
1254-1	d u r u															
1415-1	ɲ ɛ															
1542-1	n u															
1683-1	s ĩː															
1898-1	p u r̃ o															
2901-1	t u ŋ g iː															
2957-1	m a n i															
3048-1	b i j e															
3251-1	b a r a															
3885-1	d e															
4402-1	j i															
5622-1	p ɛ r i j e j															
6006-1	p i r̃ a															
135-1	t u n d u															
158-1	m̩ b ɔ s u															
194-1	b ɛ j̃															
221-1	ɛ s u															
650-1	b e s i															
1152-1	t i w ɛ															
1374-1	k ɔ r ɔ															
1452-1	g aː r a															
1862-1	i s i															
2083-1	k a ŋ															
2108-1	n i ŋː e j̃															
2636-1	m															
2924-1	p oː															
2941-1	b i r̃ iː															
3405-1	ɛ mː ɛ j̃															
3751-1	p ɛ															
4066-1	g ɔː r̃ ɔ															
4535-1	s u w a															
4888-1	s a pː i n a															
5583-1	t a ŋ g i															
5751-1	t i j ɛ															
5981-1	a r̃ a															
114-1	d ɔ j̃															
851-1	k uː															
1941-1	k i s i															
2179-1	n i															
2351-1	p aː															
2496-1	n u															
3482-1	m i s iː d e															
3497-1	n a r̃ a															
3588-1	k ɔ r ɔ															
4202-1	g o r o j															
4293-1	j ɔ w ɔ															
4921-1	s a m b aː															
408-1	j o m b iː															
545-1	u r u															
978-1	t a m															
1052-1	n a m u															
1070-1	l u w oː															
1942-1	j e															
2456-1	k ɔ l i															
2514-1	d u s u															
2666-1	s i j i															
2817-1	a n d iː															
3132-1	d u ŋ g u															
3300-1	ɛ w aː															
3976-1	ɔ z i															
4152-1	k i r̃ e j̃															
4361-1	t eː															
4570-1	g ɔː															
4648-1	j e															
5318-1	d ɔ r ɔ															
5673-1	d u m b a															
5887-1	j a m															
446-1	g o ŋ g o r o															
521-1	k ɔː dʒ ɛ															
1108-1	j ɔ															
1124-1	e r e															
1745-1	z a j a															
1823-1	g o o															
2143-1	b a															
2265-1	u r a															
2392-1	n̩ d o s u															
2579-1	d oː															
2774-1	k a ŋ															
3339-1	k a r a															
3550-1	ŋ i nː iː															
4024-1	z i w a															
4219-1	t e m b e															
4240-1	w o r u															
4259-1	g ɔ m u															
4738-1	g u n d a															
5197-1	ɛ r u															
5447-1	g i s e															
5531-1	ŋ i r̃ ɛ															
5733-1	n iː															
5828-1	j a															
562-1	s u m ɔ															
998-1	w ɔ															
1022-1	b i r i															
1023-1	j e															
1205-1	j e															
1275-1	t ãː															
1578-1	n u m															
2063-1	i r ɛ															
2334-1	ɛ s u															
2798-1	ŋ i r̃ e j̃															
3252-1	ɛ m b ɛ j															
3463-1	w aː															
3683-1	tʃ i r̃ e															
3772-1	t u m a															
3790-1	g a w															
4052-1	b a s a															
4220-1	k uː															
4440-1	t i															
4479-1	k o															
4711-1	j a r iː															
4778-1	s a s i j i															
4821-1	k u															
4941-1	ɔ j̃ ɔ															
5272-1	t e															
5423-1	ɔ s ɔ															
5424-1	k ɔ r ɔ															
563-1	s u m ɔ															
613-1	m a															
684-1	ɲ a n															
742-1	z a r a															
1204-1	k e r i															
1373-1	k ɔ															
1787-1	n aː															
1988-1	m̩ b u n d o															
2283-1	b ɛ r u															
2372-1	b e r u															
2441-1	n aː															
2598-1	j e j															
2773-1	b a r m i n a															
3011-1	b a n d a j															
3176-1	z ɔ r ɔ															
3283-1	a r̃ a															
3318-1	n ɔː n iː															
3658-1	d i m o															
3807-1	p iː r̃ i															
4037-1	s a z a															
4498-1	ɛ r u m															
4843-1	o r u															
5078-1	p i r e															
5357-1	k ɔ n															
5390-1	d o r o															
5790-1	ɔ r u															
21-1	d aː b a															
42-1	k i s ɛ															
61-1	k ɛ n d ɛ															
239-1	t u m b i															
309-1	d i j̃ a w̃															
327-1	n iː m															
482-1	dʒ e s u															
594-1	u s i r̃ iː															
701-1	m															
909-1	j i															
928-1	ɔ m b ɔ															
1184-1	ɔː r ɔ															
715-2		d u														
1089-2		n aː m														
1319-2		n ɔ														
1398-2		s uː r̃ u														
1557-2		dʒ i r e														
1626-2		w aː w														
1840-2		t i r̃ u														
2247-2		g o														
4677-2		k u r o j														
5162-2		m i r̃ ɛ														
5406-2		t aː n u														
359-2		g a r i														
1577-2		dʒ i r e														
2196-2		n a r̃ a														
2230-2		s i														
2533-2		b a r i														
3605-2		k a l a														
3866-2		o s u														
4553-2		t aː														
4822-2		k u m b o														
5254-2		d u r ɔ														
503-2		tʃ i r̃ ɛ j̃														
1356-2		m a j̃ a														
1881-2		n u m u j̃														
2084-2		j aː p ɛ														
2420-2		k u														
3218-2		p uː s u														
3372-2		n a w̃ aː														
3718-2		a r a														
4135-2		b a r̃ a w̃														
4694-2		g u s u														
807-2		k o m b iː														
2320-2		k a ŋː ɛ														
2476-2		k uː														
2842-2		d i j ai														
4081-2		d a m b i														
4313-2		n ɛ														
4460-2		s u j̃ ɔ														
5514-2		l ɛ m d ɛː														
5810-2		p i l ɛ														
93-2		d ɔ														
260-2		p i r e														
385-2		dʒ ɛ m b ɛ														
890-2		a m b iː r u														
1336-2		t e g e														
1703-2		b ɔː														
1769-2		t ɛ m b u														
2162-2		b ɛ r ɛ														
2635-2		s o														
2735-2		d a nː a														
3031-2		d ɛ g ɛ														
4591-2		tʃ ɛː r i														
5301-2		p ɛ r u														
5605-2		t i w̃ ɛ j̃														
296-2		dʒ a m b i														
463-2		d u m b u														
762-2		b a n a k uː														
1432-2		t a r iː														
1474-2		t u														
1788-2		s ĩː														
2044-2		d i m b eː														
2713-2		t ɛː m ɛ d ɛ r ɛ														
3219-2		p aː s a														
3425-2		j uː														
4184-2		ɲ ɛ j̃														
4629-2		n u w̃ ɔ														
4759-2		n iː j̃ i														
4904-2		n u w̃ ɔ														
4960-2		dʒ i nː aː dʒ o														
4980-2		t ɔ														
5059-2		g u r o														
5125-2		ɔ n dʒ i														
5339-2		p aː														
5549-2		t a w a														
5771-2		dʒ uː														
5905-2		t i r̃ u														
5938-2		a d u n ɔ														
1-2		p ɛ														
483-2		g e s u														
629-2		d ɔ														
667-2		ɛ w ɛ														
1254-2		s u r u														
1415-2		ɲ ɛ														
1542-2		n u														
1683-2		s ĩː														
1898-2		p u r̃ u j														
2551-2		r i														
2901-2		t u ŋ g u														
2957-2		m a n i														
3048-2		b i j e														
3251-2		b a r														
3885-2		d ɔ r ɔ														
4402-2		j i														
5081-2		b i n dʒ i r i														
5622-2		p e r i j e j														
6006-2		p i r̃ a														
43-2		s a														
135-2		t u l u														
158-2		m ɔ s u														
194-2		b ɛ j̃														
221-2		ɛ s u														
650-2		b ɛ s i														
1152-2		t i w ɛ														
1374-2		k ɔ r ɔ														
1452-2		g aː r a														
1862-2		i s i														
2108-2		n iː j̃														
2636-2		m														
2880-2		s i n dʒ iː														
2924-2		p oː														
2941-2		b i n iː														
3405-2		ɛ w̃ ɛ j̃														
3959-2		t o r u														
4066-2		g ɔː r̃ ɔ														
4535-2		s u w ɔ														
4888-2		s a m n a														
5180-2		s ɛ m b i														
5751-2		t i j ɛ														
5981-2		a r̃ a														
114-2		d ɔ j̃														
702-2		ɔː ɲ u w̃ ɔ														
851-2		k uː														
872-2		ɛ n dʒ ɛ														
952-2		k u r ɔ														
2179-2		n i														
2351-2		p aː														
2496-2		n u														
4609-2		k ɔ r ɔ														
4740-2		g u l ɔ														
4921-2		s a m b aː														
5982-2		k u s u														
978-2		t a m														
999-2		j ɛ														
1052-2		n aː m b u														
1989-2		m ɛ l i														
2456-2		k ɔ l i														
2666-2		s i j iː														
2817-2		a ŋ g i														
3132-2		d u ŋ g u														
3300-2		ɛ w aː														
3977-2		o m dʒ u														
3978-2		o m dʒ u														
4260-2		ɔ m b u														
4278-2		k u n dʒ u														
4334-2		s oː														
4361-2		t e g e														
4570-2		g ɔː w														
4648-2		j eː														
5673-2		dʒ e r e														
5887-2		j a m														
446-2		g o ŋ g o r o														
1108-2		j ɔ														
1124-2		i r e														
1237-2		i n dʒ ɛ														
1745-2		dʒ a j a														
1823-2		g oː														
2143-2		b a														
2265-2		u r ɔ														
2392-2		l o s u														
2579-2		d oː														
2902-2		j u														
3197-2		k ɔː														
3339-2		k a r a														
3550-2		i n i r̃ iː														
3943-2		p a l i														
4240-2		w eː r i														
5197-2		ɛ r i														
5531-2		i r̃ u														
5733-2		n iː														
409-2		g o r iː														
562-2		s ũː														
1022-2		p i n i														
1205-2		j e														
1275-2		t ãː														
1524-2		k o r o														
1578-2		n u m														
2063-2		i r ɛ														
2798-2		iː r̃ ɛ j̃														
3088-2		ɲ ɛ r̃ u														
3683-2		tʃ i r̃ i														
3772-2		t u w̃ ɔ														
4711-2		j a r iː														
4778-2		s a s i r i														
4821-2		k u														
4941-2		ɔ j̃ ɔ														
5272-2		t e g e														
5319-2		t oː s u														
5375-2		m aː n i														
5423-2		ɔ s ɔ														
5424-2		g ɔ r ɔ														
5465-2		m uː j̃ i														
5497-2		ɛ w														
178-2		k o m b iː														
563-2		s ũ														
684-2		ɲ a r̃ i														
742-2		dʒ a r a														
787-2		n i w̃ ɛ														
1126-2		n iː														
1204-2		k e r i														
1373-2		k u														
1787-2		n aː														
1969-2		j u g u r ɔ														
2283-2		b ɛ r i														
2441-2		n aː														
2598-2		j e j														
2773-2		b a r m ɛ														
2863-2		dʒ i j ɛ														
3011-2		b a n a j̃														
3176-2		dʒ ɔ r ɔ														
3319-2		b uː s a														
4025-2		dʒ u w ɔ														
4037-2		s a n dʒ a														
4441-2		b aː r i														
4843-2		o r u														
5036-2		t o r o														
5357-2		k ɔ̃ː														
5790-2		ɔ r u														
61-2		k ɛ l ɛ														
136-2		k ɛ l ɛ														
239-2		t u m d i														
309-2		d i j̃ a w														
594-2		u s u n iː														
701-2		m														
786-2		n i														
909-2		j i														
928-2		o m b o														
951-2		j a r														
1184-2		ɔː r ɔ														
715-3			d u j													
1089-3			n a													
1319-3			n ɛː													
1398-3			s u g u l e													
1557-3			g i r e													
1626-3			w a g i													
1840-3			t eː ŋ													
2247-3			g eː													
4677-3			k u l e w̃													
5162-3			m i l ɛ													
5406-3			t aː n d u													
359-3			k a r													
1577-3			g i r e													
2196-3			n a l e													
2533-3			b a nː e													
3866-3			ʔ o dʒ i													
4553-3			t aː g e													
5254-3			d i l ɔ													
503-3			g aː j e													
1881-3			n ɔː m ɔ													
2084-3			j aː f i													
2420-3			k u l ɛ													
3218-3			p u s u													
3372-3			n a m a													
3718-3			ʔ a r a													
2320-3			k a n u													
2476-3			k o													
3719-3			m i													
4460-3			s ɔː w̃													
5514-3			d ɛ n d ɛ													
890-3			ʔ a m iː r u													
1336-3			t ɛ g ɛ													
1703-3			b a w													
2162-3			b ɛː l ɛ													
2635-3			s e													
2735-3			d aː n a m a													
762-3			b a n a ŋ k u													
1788-3			s e													
2713-3			t ɛː m ɛ n d ɛ r ɛ													
3219-3			p u s u													
4629-3			n u ŋ ɛ													
4904-3			n u ŋ ɔ													
5125-3			b ɔ n dʒ ɛ													
5771-3			j u g u													
5938-3			ʔ a r n a													
1898-3			p u l o													
2901-3			k u n d e													
2957-3			m a n d e													
3048-3			b iː j e													
5081-3			p i n i													
6006-3			p o r i													
716-3			j ɛ													
1152-3			d ɔː w ɛ													
1789-3			n u m ɛ													
2083-3			k a n i													
2108-3			n eː w̃													
2618-3			k ɛ l ɛ													
2880-3			k u n dʒ u g a													
2941-3			b i l i													
3405-3			ʔ ɛ m ɛ													
3811-3			l ɛ													
5583-3			t a ŋ g e													
5751-3			t i j ɛ													
2442-3			n u m ɛ													
2496-3			n u n													
4921-3			s a m b e													
196-3			k u l ɛ													
3639-3			t oː w a													
3905-3			n u m													
3977-3			m ɔː n dʒ i													
3978-3			m aː n dʒ e													
4361-3			t a g e													
5532-3			ʔ i n i													
1237-3			ʔ i n dʒ ɛ													
1579-3			m b u l u													
2143-3			b o													
2774-3			k a n i													
3198-3			s ɛ m ɔ													
3534-3			t o n i													
3550-3			ʔ i n i													
3684-3			k i n a													
3943-3			p a r e													
4259-3			g ɔ m ɛ													
4611-3			k ɔː m ɔ													
4983-3			s o n													
5656-3			m ɔː n dʒ i													
5830-3			j ɔ													
1026-3			l e													
1170-3			g ɔ dʒ ɛ													
1187-3			ʔ u r u													
1275-3			t a													
1454-3			s eː l e w̃													
1668-3			b i g i													
1841-3			g e													
1970-3			p u l a													
2977-3			k o b a													
3301-3			ʔ i b a													
3498-3			n i													
4442-3			t iː w ɛ													
4479-3			k eː													
5038-3			g u l ɛ													
5391-3			dʒ u													
5888-3			j ɔ													
6007-3			p u n a													
178-3			k o b a l i													
684-3			ɲ aː ŋ i													
1257-3			k o l o m u													
1433-3			p o l e													
1501-3			n i g e													
1684-3			s i w o													
1864-3			k ɔ g u l ɛ													
1988-3			p u n d e													
2046-3			g e n d e													
2127-3			n o l o													
2599-3			ʔ i g e													
2756-3			b a l a													
2775-3			b a r m i													
3254-3			d i l i m a													
3427-3			ŋ g e													
3465-3			j aː													
4008-3			k ɛ													
4053-3			g i m b ɛ													
4985-3			s ɛː													
5569-3			p aː n d e													
5606-3			t i l i ŋ g e													
5640-3			d eː g a													
5906-3			t eː ŋ g e													
2-3			k ɛ m n ɔ													
3-3			k a n i													
42-3			k i dʒ ɛ													
241-3			d ɔ g u													
242-3			l ɛ													
361-3			k a r													
651-3			d i ŋ g e													
701-3			m ɛ													
743-3			j a b e													
873-3			s iː dʒ a													
1001-3			g e													
1053-3			k ɔː n d e													
1109-3			p eː													
1206-3			g a m b a													
1207-3			g e													
1434-3			ŋ g e													
715-4				d eː												
1089-4				n aː												
1319-4				n ɔː												
1398-4				s u n												
1557-4				dʒ i r e												
1626-4				w a ɣ a												
1840-4				t i n												
2247-4				g oː												
4677-4				k u r o j												
5162-4				m i r̃ e												
5406-4				t aː n												
359-4				dʒ eː r u												
1577-4				dʒ i r e												
2196-4				n a r̃ a												
2230-4				s u g o												
2533-4				b a r a												
3605-4				k a n a												
3866-4				o dʒ u												
4553-4				t a g u												
4822-4				k u m o												
5254-4				d u r ɔ												
503-4				tʃ i r̃ e												
1356-4				m a j̃												
1881-4				n uː j̃												
2084-4				j aː f ɛ												
2420-4				k u r ɔ												
3218-4				p uː dʒ u												
3718-4				a r a												
4135-4				b a n												
4694-4				g u dʒ u												
807-4				k o m												
2320-4				k a ŋː ɛ												
2842-4				d i g u												
4313-4				n ɛ m												
4460-4				s u j̃												
5514-4				n ɛ n ɛ												
5810-4				p i r u												
93-4				d ɔː												
260-4				b ɛ r ɛ												
385-4				dʒ ɛ m ɛ n												
890-4				a m iː r̃ u												
1769-4				t ɛ m ɛ												
2162-4				b ɛ r ɛ												
2635-4				s o												
2735-4				d a n a												
3031-4				d ɛ g ɛ												
5301-4				p ɛ r u												
5605-4				t i w̃ e												
63-4				k a r a												
296-4				dʒ a m a												
463-4				d u m												
762-4				b a n a k ũː												
1432-4				t a r u												
1474-4				t ɔ ŋ												
2044-4				d i m e												
3219-4				p aː dʒ u												
4120-4				k o r o												
4184-4				ɲ aː												
4423-4				d ɔ r̃ ɔ												
4629-4				n u ŋ o												
4759-4				n iː												
4904-4				n u ŋ												
4960-4				dʒ i nː aː dʒ o												
4980-4				t ɔː												
5059-4				g u j̃ o												
5125-4				ɔ ɲ ɔ												
5549-4				t ɔ w ɔ												
5771-4				dʒ u g u												
5922-4				b i r ɛ												
1-4				p ɛ̃ː												
629-4				d ɛː												
667-4				ɛ w ɛ												
1254-4				dʒ a n d u r u												
1415-4				ɲ ɛː												
1542-4				n uː												
1683-4				s eː												
1898-4				p u r̃ o												
2551-4				r̃ a												
3251-4				p o r o												
3885-4				t ɛ r ɛ												
5622-4				p ɛ lː ɛ j												
6006-4				p i r̃ e												
43-4				s aː												
135-4				g u n												
158-4				m ɔ ɲ u												
221-4				ɛ dʒ u												
650-4				b e dʒ e												
1374-4				k ɔ ŋ ɔ												
1452-4				g aː r a												
1789-4				n u m o												
1862-4				iː dʒ u												
2108-4				n a j̃												
2636-4				m												
3113-4				t e g e												
3136-4				j a r a												
3751-4				p ɛ j̃												
4888-4				s a m n a												
5180-4				s ɛ m ɛ												
5583-4				t a ŋ a												
5981-4				a r̃ a												
25-4				a s ɛ g ɛ												
114-4				d ɔ j̃ ɔ												
702-4				ɔ ɣ ɔ ɲ u ŋ o												
851-4				g ɔ ŋ ɔ												
872-4				ɛ ɲ ɛ												
952-4				k u r u w ɔ												
1941-4				k i l eː												
2442-4				n u m ɔ												
3448-4				b uː d u												
3482-4				m i s iː d ɛ												
3497-4				n aː												
3588-4				k ɔ r ɔ												
4101-4				a r̃ a												
4293-4				dʒ ɔ w ɔ												
4520-4				p eː dʒ u												
4609-4				k ɔ r ɔ												
4740-4				g u n o n												
4781-4				s aː dʒ a												
5982-4				k u dʒ u												
196-4				k u r ɔ												
545-4				i r u												
931-4				b ɛ w												
978-4				t o m												
999-4				j ɛ												
1052-4				n aː m												
1070-4				l u g o												
1298-4				g u m b a												
1989-4				m i n e												
2145-4				dʒ oː												
2306-4				a m a												
2456-4				k ɔ r ɔ												
2514-4				d u dʒ u												
3132-4				d u ŋ												
3300-4				ɛ w ɛ												
3774-4				t u r u												
3976-4				s ũː												
4039-4				d ɔ n												
4278-4				k u ɲ u												
4361-4				t e g e												
4570-4				g ɔ j̃												
5318-4				d ɔ r ɔ												
5673-4				d ɛ m ɛ												
5752-4				t ɛ̃ː												
521-4				k ɔː dʒ ɔ												
685-4				b ɔ r̃ ɔ												
744-4				l ɔ w ɔ												
1646-4				ɔ g u												
1745-4				dʒ ɛ j ɛ												
2066-4				n a ŋ a												
2216-4				j aː												
2265-4				u r ɔ												
2579-4				d ɔ j̃												
2958-4				m ɔ w̃												
3197-4				k aː												
3339-4				k a r a												
3812-4				p i n i												
4219-4				t ɛ m ɛ												
4337-4				s ɔ m												
5197-4				e r u												
5531-4				e r̃ e												
5733-4				n iː												
409-4				j i r u												
1002-4				r ɛ												
1022-4				p i l i												
1238-4				i dʒ u												
1612-4				n u m												
2334-4				ɛ dʒ u												
2396-4				n												
2553-4				b a ŋ a												
2671-4				ŋ o												
2798-4				iː r̃ ɛ												
2978-4				k u r ɔ												
3407-4				ɛ m												
3551-4				b o n												
3683-4				tʃ i r̃ e												
4220-4				k ũː												
4383-4				k i												
4440-4				t iː												
4651-4				d i ŋ e												
4711-4				j a r u												
4821-4				k i												
5272-4				t e g u												
5375-4				m aː n a												
5465-4				m u ŋ o												
5481-4				j o g o												
5497-4				ɛ w												
5641-4				l ɛ j												
5692-4				a n a												
347-4				tʃ ɛ r ɛ												
448-4				n ɛ j̃												
567-4				j i n e												
613-4				m aː												
787-4				n i w̃ e												
1126-4				n iː												
1208-4				g a m a												
1502-4				d u n												
1669-4				d e m e r e												
1971-4				p u t ɔ												
2283-4				b ɛ r u												
2354-4				t i r ɛ												
2619-4				tʃ i r ɛ												
2714-4				s u ŋ												
3011-4				b a n a												
3159-4				j a ŋ a												
3199-4				k a r u m												
3319-4				b u s a m												
3358-4				ɲ aː												
3535-4				k aː												
3622-4				d aː ɣ a												
3640-4				l aː r u w a												
3813-4				r̃ e												
4441-4				b aː r a												
4498-4				e r u												
4986-4				j ɔ r ɔː n iː												
5036-4				t o r o												
5109-4				l a ɣ a												
5390-4				d u d oː												
5425-4				j ɔ ɣ ɔ												
5847-4				oː ɲ o												
6008-4				j ɔ r ɔ												
62-4				k i												
197-4				b ɛ w												
331-4				s aː dʒ ĩː												
412-4				j aː												
482-4				dʒ e dʒ u												
786-4				n i												
715-5					d u											
1089-5					n aː											
1319-5					n j ɛː											
1398-5					s u g u l i											
1557-5					g i r e											
1626-5					w a g u											
1840-5					t eː ŋ											
2247-5					gʷ eː											
4677-5					k u l e j̃											
5162-5					m iː n d ɛ											
5406-5					t aː n d i											
359-5					k a r a											
1577-5					g i r e											
2196-5					n a l e											
2230-5					s i g e											
3605-5					k a n d a											
3866-5					o dʒ i											
4553-5					t a g j eː											
4822-5					k u m b e											
5254-5					d u l ɔ											
1356-5					m a j e											
1881-5					n uː m o											
2084-5					j aː f i											
2420-5					k u l ɛ											
3218-5					p u dʒ u											
3372-5					n a m a											
3718-5					a r a											
4135-5					b u n u											
4694-5					g u dʒ u											
2476-5					k oː											
2842-5					d i g e											
3719-5					m i											
4081-5					t u m b j eː											
5514-5					n eː n d e											
260-5					p i dʒ i											
385-5					d ɛ m b ɛ											
890-5					a m i l i											
1703-5					b aː											
1769-5					t ɛ m b ɛ											
2735-5					d aː n a											
4591-5					t aː r e											
5301-5					p ɛː l u											
63-5					k a r a											
296-5					dʒ a m b a											
463-5					d u m b e											
762-5					b a l a k ũː											
1788-5					s iː											
3219-5					p a dʒ u											
4120-5					k o l o											
4759-5					n oː j e											
4960-5					g i nː aː d i											
5059-5					g j eː											
5549-5					t a b j eː											
5771-5					dʒ u g u											
5905-5					t eː											
5938-5					a r u n a											
1415-5					ɲ ɛː											
1542-5					nʷ ɛː											
1898-5					p u l u											
2551-5					r e											
2957-5					m a n d e											
3048-5					b iː j e											
4402-5					j eː											
5081-5					p i n d i											
6006-5					p o r o											
135-5					t u n d u											
194-5					b ẽː											
716-5					j ɛː											
2083-5					k a n i											
2618-5					k ɛ l ɛ											
2880-5					k u n dʒ u g a											
3113-5					t e g e											
3136-5					j a r a											
3405-5					ɛ m ɛ											
3572-5					b ɛ r u											
4535-5					s u g ɔ											
5751-5					t j ɛː											
851-5					g ɔ̃ː											
2179-5					n̩ d ɛ											
2351-5					b a b a											
2496-5					n u n											
3448-5					b uː r u											
4781-5					s aː n dʒ e											
4921-5					s a b i											
196-5					k u l ɛ											
789-5					g aː w̃ e											
931-5					b ẽː											
1298-5					g u m b a											
2145-5					dʒʷ eː											
3639-5					t oː w a											
3977-5					m o n dʒ e											
3978-5					m a n dʒ e											
4260-5					ɔ m b ɛ											
5200-5					ɛ l											
5532-5					i nː i											
5866-5					k a r a											
432-5					k a n i											
446-5					g eː ŋ g e											
521-5					g oː dʒ i											
1124-5					e l e											
1237-5					i n dʒ ɛ											
1579-5					u m b u l u											
1748-5					j̃ e											
2774-5					k a n i											
3198-5					s ɛ m ɛ											
3339-5					k a g a											
3534-5					d o n i											
3550-5					i n i											
3684-5					k i n dʒ a											
3944-5					k ɔ l ɛ											
4611-5					k ɔː m ɔ											
4738-5					g u n d a											
4983-5					s o n dʒ i											
5447-5					g u dʒ e											
5656-5					m o n dʒ i											
5830-5					j ɔː											
1074-5					n o g e											
1170-5					g a n dʒ e											
1187-5					u r u											
1454-5					s eː l e											
1841-5					g e											
1970-5					p u l ɔ											
2977-5					k u b ɛ											
3252-5					ɛ m b ɛ											
3301-5					i b a											
3463-5					w ɛː											
3498-5					n iː											
4363-5					d a m i											
5038-5					k ɔ l ɛ											
5228-5					b u n dʒ õ											
5229-5					a n d e											
5391-5					dʒ õː											
5481-5					ɔ g ɔ											
5793-5					ɛ m b ɛ											
5888-5					j ɔː											
6007-5					p u n a											
178-5					k o m b o l i											
568-5					n e n d e l e											
569-5					n e n d e l e											
1257-5					k ɔ n j ɔ											
1433-5					p o l e											
1501-5					n i g e											
1684-5					s i w o											
1787-5					n ɛː											
1864-5					k ɔ g u l ɛ											
1923-5					g ɛː n ɛ											
1988-5					p u n d e											
2046-5					g i n d o											
2067-5					i dː ɛ											
2109-5					k ɛː dʒ ɔ											
2127-5					n o l o											
2372-5					b e l e											
2599-5					i g e											
2756-5					w a l a											
2775-5					b a r i m i											
3254-5					d u l u m a											
3319-5					b u z e											
3358-5					ɲ aː											
3427-5					ŋ g e											
3622-5					d oː											
3658-5					d i m o											
3807-5					b ãː											
4008-5					g eː											
4053-5					g i m b ɛ											
4280-5					j a g a r a											
4630-5					nʷ ɛː											
4848-5					ɔ n ɔ n ɔ											
4905-5					n ɔː											
4985-5					sʷ ɛː											
5467-5					d u g ɛ											
5606-5					t i n i ŋ g ɔ											
5640-5					n ɛː ŋ g a											
2-5					k aː n u											
3-5					k a n i											
21-5					d e b u											
26-5					b ɛ l i											
64-5					k a r a											
117-5					dʷ ɛː											
224-5					j aː g a											
241-5					d ɔ g ɛ											
312-5					b a j̃											
327-5					i n i											
361-5					k a r a											
651-5					d i ŋ g e											
873-5					s i dʒ a											
1001-5					g e											
1053-5					k ɔː n d i											
1207-5					g e											
715-6						d i										
1089-6						n ɛː										
1319-6						n ɛ										
1398-6						s u n uː										
1557-6						g i r e										
1626-6						w a g i										
1840-6						t eː ŋ										
2247-6						gʷ e										
4677-6						k u l e j										
5162-6						m i n ɛ										
5406-6						t aː n d iː										
359-6						g a l i										
1577-6						g i r o										
2196-6						n a l										
2230-6						s u g i										
2533-6						b a r										
3605-6						k a n d aː										
4553-6						t a g iː										
4822-6						k u m b u										
5254-6						d u l ɔː										
503-6						k i n a										
1356-6						m aː										
1881-6						n u m iː										
2084-6						j aː f ɛ										
2420-6						k u l ɛ										
3218-6						b u dʒ uː										
3372-6						n a m aː										
3718-6						a r a										
4135-6						b a n e										
4694-6						g u dʒ u										
807-6						k o m b iː										
2320-6						k a ŋː e										
2842-6						d i g i n										
3719-6						m										
4081-6						d a m b i										
4313-6						n ɛ m g o										
4460-6						sʷ ɛ j										
5514-6						n ɛ n d ɔː										
5810-6						p i l ɛ										
93-6						dʷ										
890-6						a m b i r i										
1336-6						t e g i										
1703-6						b aː										
4591-6						t ɛː r ɛ										
5605-6						t i m ɔː										
63-6						k a r aː										
296-6						dʒ a m b ɛ										
463-6						d u m b e										
762-6						b a n a ŋ k uː										
3425-6						j o										
4120-6						k o l oː										
4423-6						t u l ɛ										
4759-6						n o j										
4904-6						ŋ w a n aː										
4960-6						g i n e										
5125-6						o n dʒ i										
5339-6						p a g aː										
5771-6						dʒ u g i n										
5922-6						b i r ɔː										
5938-6						a d u n a										
483-6						g o dʒ i										
1542-6						ŋ w ɛ										
1683-6						s iː										
2551-6						r										
2957-6						m a n d i										
3048-6						b i j										
4402-6						j ɛ										
5081-6						b i n d u										
5622-6						p ɔː n ɔ j										
650-6						b e dʒ i										
716-6						j ɛ										
1152-6						t i b ɛ										
1789-6						n u m a										
1862-6						i dʒ i										
2618-6						k ɛ l ɔː										
2880-6						k i n dʒ i										
2924-6						p o l e										
3136-6						j a r a										
3405-6						ɛ m ɛː										
3811-6						l ɛ										
4535-6						s u g ɛ										
4888-6						s a p u n										
5751-6						t i j ɛ										
2179-6						n̩ d ɛ										
2442-6						n u m aː										
3482-6						m i s i d e ŋ g e										
4202-6						g o l o										
4781-6						s a dʒ i										
4921-6						s a m b e										
5982-6						k e n dʒ uː										
408-6						j a m b uː										
526-6						e g a										
789-6						g a ŋ a										
1298-6						g u r m b aː										
1942-6						j										
2666-6						s u g i										
3015-6						n a n d aː										
3905-6						n oː										
3977-6						m o n dʒ i										
3978-6						m o n dʒ e										
4152-6						k i n a										
4334-6						s ɔ̃ n										
4648-6						j										
5200-6						ɛ l i										
5318-6						d ɔ l ɔː										
5532-6						i n ɔː										
5673-6						d u m b u										
5866-6						k a r aː										
66-6						k a										
432-6						k a n										
446-6						g e n g e										
1579-6						m̩ b u l aː										
1748-6						j										
1823-6						g o l o										
2902-6						j ɛ										
3684-6						k i n dʒ aː										
3812-6						n i ŋ g i										
3943-6						b ɛ l ɛ										
4259-6						g ɔ m ɔː										
4611-6						k ɔ m ɔː										
4738-6						g u n d ɛ										
4983-6						s u n d e										
5447-6						g i dʒ i										
5656-6						m o n dʒ e										
5830-6						j ɛː										
5868-6						k a										
348-6						k ɛ r ɛ										
998-6						w e										
1023-6						j ɛ										
1074-6						n i g i l										
1172-6						g u l										
1205-6						j										
1668-6						b i n iː										
1841-6						g o										
2063-6						i r ɛ										
2671-6						n										
2977-6						k o m b a										
3256-6						m a										
3287-6						a n e										
3301-6						e b a										
3498-6						n iː										
4363-6						d a m										
4442-6						t i j ɛ										
4941-6						ɔ j ɛ										
5228-6						b a n d i										
5229-6						b a n d e										
5391-6						d iː										
5793-6						t e m b oː										
5888-6						j ɛː										
1373-6						ŋ g o										
1727-6						j ɛ										
1899-6						p u n ɛ										
1923-6						g ɔ ŋ ɛ										
1971-6						b u dʒ ɛ										
2046-6						g e n d e										
2109-6						k ɛː dʒ ɛ j										
2127-6						n a l e										
2268-6						i l ɛ										
2714-6						k ɛː s u m										
2863-6						dʒ i j ɛ										
2999-6						d ɔ g ɛ										
3318-6						n o n d iː										
3427-6						ŋ g o										
3465-6						s aː g e										
3706-6						s a ŋ										
4008-6						k e ŋ g e										
4053-6						dʒ u m b ɛ										
4205-6						ɔ n d ɔ										
4280-6						j a g a dʒ a										
4848-6						o n a n ɛː										
4985-6						sʷ ɛ										
5357-6						k o ŋ g o										
5569-6						p i n d iː										
5906-6						t eː ŋ g o										
327-6						n iː										
616-6						ɔ n dʒ ɛ										
687-6						j a n d i										
1417-6						kʷ ɛ										
1434-6						ŋ g o										
715-7							d uː j i									
1089-7							n a ŋ a									
1319-7							n ɔː									
1398-7							s u ŋ u r̃ i									
1557-7							g i r e									
1626-7							w a g a									
1840-7							t i r̃ i									
2247-7							g oː									
4677-7							k u r e									
5162-7							m i r̃ e									
5406-7							t aː n d iː									
359-7							g a r i									
1577-7							g i r e									
2196-7							n a r̃ a									
2230-7							s i g e									
2533-7							b aː r i									
3605-7							k a n d a									
3866-7							o s i									
4553-7							t a g a									
4822-7							k u m b o									
5254-7							d u r a									
503-7							k i r̃ a									
1356-7							m aː									
1881-7							n i m iː									
3372-7							n a m a									
3718-7							a r a									
4135-7							b a r̃ i									
4694-7							g u s i									
807-7							k o m b i									
2320-7							k a ŋ ɛ									
2476-7							k uː									
2842-7							d i g a									
3719-7							m i									
4081-7							d a m b i									
4313-7							n ɛː m i									
4460-7							s u j ɛ									
5514-7							n ɛ n d ɛ									
5810-7							p i r i									
93-7							d ɔː									
260-7							b e n d e									
385-7							dʒ ɛ m b ɛ									
890-7							a m b e r i									
1336-7							t e g e									
1703-7							b aː									
1769-7							t ɛ m b i									
2162-7							b ɛ r ɛ									
2635-7							s o									
2735-7							a n t aː r i									
3031-7							d ɛ g ɛ									
4591-7							k ɛː r i									
5301-7							p ɛː r u									
5605-7							t u m a									
296-7							dʒ a m b i									
463-7							d u m b i									
1432-7							t aː r i									
1474-7							t ɔ ŋ ɔ									
1788-7							s i r i									
2044-7							g i m b e									
2713-7							t ɛː m ɛ d e r ɛ									
3425-7							j uː									
4184-7							n a r̃ i									
4423-7							t u r ɔ									
4629-7							n u ŋ i									
4759-7							n i j̃ ɛ									
4904-7							n u ŋ a									
4960-7							g i n aː dʒ i									
5059-7							g u r o									
5125-7							ɔ n dʒ i									
5339-7							p a g a									
5549-7							t a w a									
5771-7							dʒ u g u									
5905-7							t i r̃ i									
5922-7							b i r a									
1-7							p ɛː									
483-7							g e s i									
667-7							ɛ w ɛ									
1542-7							n u j̃									
1683-7							s i j̃ ɛ									
1898-7							p u r̃ o									
2551-7							r i									
2901-7							t u ŋ i									
2957-7							m a n d i									
3048-7							b i j e									
3251-7							dʒ a r̃ a									
3885-7							d ɛ r̃ i									
4402-7							j iː									
5081-7							b i n d i									
5622-7							p e r i j e j									
6006-7							p i r̃ a									
43-7							s aː									
135-7							t u n d u									
158-7							m ɔ s i									
194-7							b ɛ									
221-7							ɛ s i									
650-7							b ɛ s i									
1152-7							t u w ɛ									
1374-7							k ɔ ŋ g ɔ									
1452-7							g aː r ɛ									
1862-7							i s i									
2083-7							k a w r i									
2108-7							n ɔ j̃									
2880-7							k u n dʒ o									
2924-7							p o r i									
2941-7							b i r̃ i									
3113-7							t e g e									
3136-7							j a r a									
3405-7							ɛ m ɛ									
3572-7							b ɛ r i									
3751-7							p ɛː									
3959-7							t oː r i									
4066-7							g ɔː r̃ ɔ									
4535-7							s u g ɔ									
5180-7							s ɛ m b i									
5583-7							t a ŋ i									
5981-7							a r̃ a w̃									
25-7							g a s ɛ g ɛ									
114-7							d u j a									
702-7							ɔ g ɔ ɲ ɔ ŋ ɔ									
872-7							ɛ n dʒ ɛ									
1941-7							k i s i									
2179-7							n̩ d i									
2351-7							p a w a									
2496-7							n u j̃									
3588-7							k ɔ r ɔ									
4202-7							g o r o									
4609-7							g o r o									
4921-7							s a m b a									
408-7							j e m b i									
526-7							d a r g a									
545-7							u r i									
978-7							t a m i									
999-7							j eː									
1052-7							n aː m b i									
1070-7							l u g o									
1942-7							j e									
2456-7							k ɔ r i									
2514-7							d u s i									
2666-7							s i g i									
2817-7							a ŋ									
3300-7							ɛ w ɛ									
3977-7							ɔ n dʒ i									
3978-7							ɔ n dʒ i									
4039-7							d o r̃ i									
4152-7							k i r̃ a									
4260-7							ɔ m b i									
4278-7							k u n dʒ i									
4648-7							j e									
5752-7							t ɛː									
5866-7							k a s a									
5887-7							j a									
446-7							g o n d u g o									
1108-7							k o j o									
1646-7							ɔ g i									
1748-7							j e									
1823-7							g o o									
2143-7							b aː									
2392-7							l o s i									
2579-7							d oː									
2902-7							j i									
3197-7							k ɔː									
3339-7							k a g a									
3944-7							k ɔ r̃ ɔ									
4240-7							w eː r i									
4337-7							s ɔː m b ɔ									
4738-7							g u n d a									
4983-7							t ɔ n dʒ i									
5197-7							ɛ r i									
5447-7							g i s e									
5656-7							ɔ n dʒ i									
5733-7							n iː									
5828-7							j a ŋ									
5868-7							k a									
245-7							t ɔ r ɔ									
562-7							s u m o									
1170-7							g a n dʒ i									
1205-7							j e									
1524-7							k o r o									
2063-7							i r ɛ									
2334-7							ɛ s i									
2671-7							n̩ d o									
3088-7							ɛ r̃ i									
3252-7							m b ɛ									
3463-7							w aː									
3772-7							t u m a									
3790-7							g a									
4052-7							b a s a									
4383-7							k ɛː									
4479-7							k oː									
4711-7							j a r i									
4778-7							t a s a									
4941-7							ɔ j̃ ɔ									
5038-7							k ɔ r ɔ									
5228-7							b ɛ n d i									
5319-7							t oː s i									
5424-7							k ɔ r ɔ									
5793-7							t ɛ m b i j									
563-7							s u m o									
684-7							ɲ aː r̃ i									
742-7							dʒ a r a									
1126-7							n iː									
1204-7							k e r i									
1669-7							d e m b i r e									
2283-7							b ɛ r i									
2372-7							b e r i									
2441-7							n aː									
2773-7							b a r m i									
2863-7							dʒ i j ɛ									
2999-7							d ɔ g ɔ									
3176-7							dʒ ɔ r ɔ									
3199-7							k ɔ r ɔ ŋ									
3283-7							a r̃ a									
3318-7							n ɔ n d i									
3358-7							ɲ aː									
3807-7							p iː									
3813-7							r̃ i									
4025-7							dʒ u w a									
4441-7							b aː r i									
4498-7							ɛ r i									
4843-7							o r i									
5357-7							k ɔ									
5390-7							d u r o									
61-7							k ɛ n d ɛ									
197-7							b ɛː									
283-7							g o									
594-7							u s i r i									
909-7							j iː									
928-7							ɔː m b ɔ									
951-7							j a r									
1417-7							k ɔː									
715-8								d u								
1089-8								n aː								
1319-8								n ɛː								
1398-8								s u g u l j e								
1557-8								g i r e								
1626-8								w a g e								
1840-8								t eː ŋ								
2247-8								g uː								
4677-8								k u l eː n i								
5162-8								m i l ɛ								
5406-8								t aː n d i								
359-8								k a r a								
1577-8								g i r e								
2196-8								n a l e								
2230-8								s i g e								
2533-8								b a r g e								
3605-8								k a n d a								
3866-8								o dʒ u								
4553-8								t a dʒː e								
4822-8								k u m b e								
5254-8								d u l ɔ								
1881-8								n ɔː m								
2084-8								j aː f i								
2420-8								k u l ɛ								
3218-8								p u g u dʒ ã								
3372-8								n a m a								
3718-8								a r a								
4694-8								g u dʒ u								
2320-8								k a n								
2476-8								k oː								
2842-8								d i g i								
3719-8								m i								
4081-8								t u m b u								
4313-8								n ɛ m								
5514-8								n ɛ m d ɛ								
385-8								d ɛ m b ɛ								
1336-8								d e g e								
1769-8								t e m b e								
2735-8								d aː n a m a								
3031-8								d ɛ g ɛ								
4591-8								t aː r e								
5301-8								p ɛː l								
63-8								k a r a								
1788-8								s e								
2713-8								t ɛː m d ɛ r ɛ								
4120-8								k o l o								
4184-8								ɲ aː								
4759-8								n o e								
5059-8								g u j e								
5771-8								j u g u								
5938-8								a r n a								
629-8								d ɛː								
1415-8								ɲ ɛː								
1898-8								p u l o								
2551-8								r ɛ								
2957-8								m a n d e								
3048-8								b i j e								
6006-8								p o r o								
135-8								t u n d u								
716-8								j ɛ								
1152-8								d ɔ g ɛ								
2083-8								k a n i								
2618-8								k ɛ l ɛ								
2636-8								m								
2880-8								k u n dʒ u g a								
2941-8								b i l a								
3405-8								ɛ m ɛː								
3811-8								l e								
4535-8								s u g ɛ								
4888-8								s aː m n o								
5751-8								t i j ɛ								
851-8								g ɔ̃ː								
4202-8								g ɔ l ɔ								
4781-8								s a n dʒ a								
4921-8								s a b j e								
196-8								k u l ɛ								
408-8								a m b u								
789-8								g ãː								
1942-8								j eː								
2145-8								dʒʷ eː								
2456-8								g ɔ r								
3639-8								t o w a								
3977-8								m ɔː n dʒ i								
3978-8								m a n dʒ e								
4278-8								k u r dʒ u								
5532-8								i n i								
521-8								k oː dʒ o l								
1124-8								e l e l e								
1579-8								m p u l								
2774-8								k a n a								
3198-8								s ɛ m ɛ								
3534-8								d o n								
3550-8								u n u								
3684-8								k i m dʒ a								
3812-8								b a ŋ g u								
4611-8								k ɔː m ɔ								
4738-8								g u n d a								
4983-8								s o n dʒ i								
5656-8								m ɔː n dʒ i								
5830-8								j ɔ̀:								
1026-8								l e								
1074-8								n u g u								
1170-8								g a dʒ e								
1187-8								u r u								
1454-8								s eː l e								
1841-8								g e								
1970-8								p u l a								
2671-8								n dʒ aː								
2977-8								k ɔ b ɛ								
3301-8								e b a								
3463-8								w ɛː								
3498-8								n iː								
4363-8								d a m								
4479-8								kʷ eː								
5038-8								g ɔ l ɔ								
5391-8								dʒ o m								
5715-8								k ɛ r ɔ								
5793-8								ɛ m b ɛ								
5888-8								j ɔ̀:								
6007-8								p u n a								
568-8								n e n d i l e								
569-8								n e n d i l								
1257-8								k o l o								
1433-8								p o l e								
1501-8								n i g e								
1787-8								n ɛː								
1864-8								k ɔ g u l ɛ								
1923-8								g iː n a								
1988-8								p u n d u								
2046-8								g e n d o								
2067-8								i l d ɛ								
2109-8								k ɛ dʒ ɔ								
2127-8								n o l o								
2441-8								nʷ ɛː								
2599-8								i g e								
2756-8								w a l a								
2775-8								b a r m i								
3254-8								d a l m a								
3358-8								ɲ aː								
3622-8								d o g o								
4008-8								g e ŋ								
4205-8								ɔ n d ɔ								
4630-8								n ɔː								
4848-8								ɔ n a n a								
4905-8								n ɔː								
4985-8								sʷ ɛː								
5467-8								d u g ɔ								
5569-8								p aː n d o								
5606-8								t i n d i g ɔ								
5640-8								n e g a								
5906-8								t eː ŋ g e								
2-8								k aː m n ɔ								
3-8								k a n								
21-8								d aː b a								
42-8								k i dʒ ɛ								
64-8								k a r a								
117-8								dʷ ɛː								
224-8								j a g a								
241-8								d ɔ g u								
242-8								l ɛ								
312-8								b a j̃								
361-8								k a r a								
651-8								d i ŋ g e								
743-8								j a j e								
891-8								k oː								
1053-8								k ɔː n d e								
1207-8								g e								
715-9									d i							
1089-9									n a ŋ a							
1319-9									n ɛː							
1398-9									s u ŋ u r̃ u							
1557-9									g i r e							
1626-9									w a g a							
1840-9									t i r̃ i							
2247-9									g oː							
4677-9									k u r oː j							
5162-9									m i r̃ e							
5406-9									t aː l u							
359-9									g e r u							
1577-9									g i r e							
2196-9									n a r̃ a							
2230-9									s i g e							
2533-9									b a r a							
3605-9									k a l a							
3866-9									o s u							
4553-9									t a g u							
4822-9									k u m b o							
5254-9									d u r ɔ							
503-9									k i r̃ e							
1356-9									m a j̃							
1881-9									n u m iː							
2084-9									j aː p ɛ							
2420-9									k u r ɔ							
3218-9									p uː s u							
3372-9									n a w̃ a							
3718-9									a r u							
4135-9									b a r̃ u							
4694-9									g u s u							
807-9									k oː m							
2320-9									k a ŋ ɛ							
2476-9									k uː							
2842-9									d i g u							
4081-9									d a m b a							
4313-9									n ɛ m							
4460-9									s u j̃							
5810-9									p i r i							
93-9									d ɔː							
260-9									b ɛ r ɛ							
385-9									g ɛ m b ɛ							
890-9									a m i r u							
1336-9									t e g e							
1703-9									b aː							
1769-9									t ɛ m b ɛ							
2162-9									b ɛ r ɛ							
2635-9									s o							
2735-9									d a nː ɛ							
3031-9									d ɛ g ɛ							
4591-9									t oː r o							
5301-9									p ɛ r u							
5605-9									t i w̃ ɛ							
63-9									k a r a							
296-9									dʒ a m b a							
463-9									d u m b u							
762-9									b a n a k u r u							
1432-9									t a r u							
1474-9									t ɔ							
1788-9									ʃ ĩː							
2044-9									d i m b e							
2713-9									t ɛː m d ɛ r ɛ							
3219-9									p aː s a							
3425-9									j uː							
4120-9									k o r o							
4184-9									ɲ ɛː							
4423-9									d ɔ r̃ ɔ							
4629-9									n u ŋ g ɔ							
4759-9									n i j̃ e							
4904-9									n u ŋ g ɔ							
4960-9									g i nː aː dʒ o							
4980-9									t ɔː							
5059-9									g u j̃ o							
5125-9									ɔ n dʒ ɔ							
5339-9									p a g a							
5549-9									t a w a							
5771-9									dʒ u g u							
5905-9									t i r̃ i							
5922-9									b i r ɛ							
1-9									p ɛː							
483-9									g e s u							
629-9									d ɛː							
667-9									ɛ w ɛ							
1254-9									dʒ a m d u r u							
1415-9									ɲ ɛː							
1542-9									n ɔː							
1683-9									ʃ i j e							
1898-9									p u r̃ o							
2551-9									r o							
2901-9									t u ŋ g u							
3251-9									b a r a							
3885-9									d ɔ r ɔ							
4402-9									j ɛː							
5081-9									b i ŋ g i r i							
5622-9									p ɛ lː e j							
43-9									s aː							
158-9									m ɔ s u							
194-9									b ɛ							
221-9									ɛ s u							
716-9									j e							
1374-9									k ɔ ŋ g ɔ							
1452-9									g aː r a							
1789-9									n u w̃ o							
1862-9									iː s u							
2108-9									n a j̃							
2618-9									k i r ɛ							
2636-9									m							
2941-9									b i r i							
3113-9									t e g e							
3136-9									j a r a							
3572-9									b ɛ r u							
3811-9									l eː							
3959-9									t o r u							
4066-9									g ɔː r̃ ɔ							
4888-9									s a m n a							
5180-9									s ɛ m b ɛ							
5583-9									t a ŋ g a							
5981-9									a r̃ a							
25-9									a s ɛ g ɛ							
114-9									d ɔ j̃ ɔ							
702-9									ɔ g ɔ ɲ u w̃ o							
851-9									g ɔ w̃ ɔ							
872-9									ɛ n dʒ ɛ							
952-9									k u r ɔ							
1941-9									k i r i							
2442-9									n u w̃ o							
3448-9									b uː d u							
3497-9									n aː							
3588-9									k ɔ r ɔ							
4101-9									a r̃ a							
4202-9									g oː r o							
4293-9									dʒ ɔ w ɔ							
4520-9									p eː s u							
4609-9									k ɔ r ɔ w a j							
4740-9									g u l ɔ n							
4921-9									s a m b a							
5982-9									k u s u							
978-9									t o m							
1052-9									n aː m b u							
1070-9									l u g o							
1942-9									j e							
1989-9									m ɛ l ɛ							
2145-9									dʒ oː							
2306-9									a m a							
2456-9									k ɔ l ɔ							
2514-9									d u s u							
2666-9									s i g e							
3132-9									d u ŋ							
3300-9									ɛ w ɛ							
3774-9									t u r u							
3976-9									s ũː							
4039-9									d ɔ r̃ u							
4152-9									k i r̃ e							
4260-9									ɔ m b u							
4278-9									k u n dʒ u							
4361-9									t e g e							
4570-9									g ɔ j̃							
5673-9									d ɛ m b ɛ							
5752-9									t ɛː							
66-9									k a							
521-9									k oː dʒ o							
685-9									s ɔ r̃ ɔ							
744-9									l a w a							
1108-9									k o j o							
1745-9									dʒ a j a							
2066-9									n a ŋ g a							
2216-9									j aː							
2265-9									u l ɔ							
2392-9									l o s u							
2902-9									j ɔ							
2958-9									m ɔ̃ː							
3197-9									k ɔː							
3943-9									p a l a							
4219-9									t e m b e							
4337-9									s u m							
5197-9									e r u							
5531-9									i r̃ e							
5733-9									n iː							
348-9									k ɛ r ɛ							
409-9									g o r u							
562-9									s u w̃ ɔ							
1022-9									p i l i							
1170-9									g a n dʒ a							
1238-9									i ʃ u							
1578-9									n u m							
1612-9									n u m b ɔ							
2288-9									ɛ r̃ ɛ							
2334-9									ɛ s u							
2396-9									n							
2759-9									ɛ g ɛ							
2978-9									k u r ɔ							
3088-9									ɲ ɛ r̃ u							
3252-9									ɛː m b ɛ							
3287-9									a n u							
3407-9									ɛ m							
3790-9									g a w							
4052-9									b a s a							
4220-9									k uː							
4383-9									k ɛː							
4440-9									t iː							
4651-9									d e n							
4711-9									j a r							
4778-9									s a s a							
4821-9									k u							
5228-9									b ɛ n							
5272-9									t e g u							
5319-9									t oː s u							
5375-9									m aː l a							
5465-9									m u j̃ o							
5497-9									ɛ w							
5641-9									l e j							
5692-9									a l a							
5715-9									i r e							
389-9									n							
448-9									n ɛ m							
563-9									s u w̃ o							
613-9									m aː							
787-9									n i w̃ e							
915-9									ĩː							
1126-9									n iː							
1208-9									g a m							
1502-9									d u ŋ							
1669-9									d e m b e r e							
1969-9									j ɔ g ɔ r ɔ							
1971-9									p u t ɔ							
2030-9									k u w ɔ							
2354-9									t i r ɛ							
2500-9									ɛ g ɛ							
3011-9									b a l a							
3159-9									j ɛ l ɛ							
3199-9									k ɔ r ɔ m							
3319-9									b u s a m							
3395-9									l o j							
3535-9									k aː							
3640-9									l aː rʷ a							
3706-9									n i ŋ							
3813-9									r e							
4011-9									d ɛ̃ː							
4498-9									e r u							
4843-9									o r u m							
4986-9									j ɔ r ɔ							
5036-9									t o r o							
5109-9									l a g a							
5361-9									k iː							
5390-9									d o d oː							
5425-9									j ɔ g ɔ							
5790-9									ɔ r u							
5847-9									oː n dʒ o							
136-9									k ɛ l ɛ							
197-9									b ɛ w							
334-9									s a s a j							
652-9									b i j̃ ɛ							
786-9									n i							
951-9									j a r							
715-10										d i						
1089-10										n aː						
1319-10										ɲ ɛ						
1398-10										s u r̃ o						
1557-10										g i r e						
1626-10										w a g a						
1840-10										t i n eː						
2247-10										g o						
4677-10										k u l e						
5162-10										m i n ɛ						
5406-10										t aː n d u						
359-10										g a l ɛː						
1577-10										g i r e						
2230-10										s u g o						
2533-10										b a r a						
3605-10										k a n d a						
3866-10										o d u						
4822-10										k u m b o						
5254-10										d u l aː						
503-10										tʃ i n aː						
1356-10										m a ɛ̃						
1881-10										n u m						
2084-10										j aː b i						
2420-10										g u l a						
3218-10										p u d u						
3372-10										n a m a						
4135-10										b a r̃ ɛː						
4694-10										g u d u g o						
807-10										g o						
2320-10										k a ɲ a						
2476-10										k u g ɔ						
2842-10										d i g u						
3719-10										m						
4081-10										d a m b i						
4313-10										n e m e						
4460-10										s ɔ						
5514-10										n ɛ n d ɛ						
5810-10										p i l ɛː						
93-10										d ɔ						
260-10										b ɛ r aː						
385-10										z ɛ m b ɛ						
890-10										a m b i r i						
1336-10										t e g e						
1703-10										b a						
1769-10										t ɛ m b i						
2162-10										b ɛː						
2635-10										s o						
2735-10										d a n d a						
3031-10										d ɛ g ɛ						
4591-10										t a g a						
5301-10										p ɛ l u						
5605-10										t i m aː						
63-10										k a r a						
296-10										z a m b i						
463-10										d u m b eː						
762-10										b a r̃ a k ũː						
1432-10										t a l ɛ						
1474-10										t ɔ						
2044-10										d i m b e						
2713-10										t ɛː m d ɛ r ɛ						
3219-10										p aː d u						
3425-10										j ɔ						
4120-10										k oː						
4423-10										d o r̃ ɔ						
4629-10										n u ŋ u						
4759-10										n iː						
4904-10										n u ŋ aː						
4960-10										dʒ i nː aː dʒ e						
4980-10										t ɔ						
5059-10										g u ɲ o						
5125-10										o n d o						
5339-10										p a g a						
5549-10										t a b a						
5905-10										t i n ɛː						
5922-10										b i r aː						
5938-10										a d u n o						
1-10										p ɛ						
483-10										g o d u						
629-10										t o n						
667-10										ɛ b ɛ						
1254-10										z a m d i l e						
1415-10										ɲ ɛ						
1542-10										n ɔː						
1683-10										s eː						
1898-10										p u r̃ o						
2551-10										r i						
2901-10										t u n dʒ iː						
2957-10										m a n d i						
3048-10										b e						
3251-10										s a r̃ a						
3885-10										d ɛ g ɛ						
4402-10										j i						
5622-10										p ɛ g a l e j						
43-10										s aː m						
135-10										k u n d u						
221-10										ɛ d ɛː						
1152-10										t i b ɛ						
1374-10										k ɔ ŋ g u						
1452-10										g a r a						
1789-10										n u m aː						
1862-10										i d e						
2636-10										m e						
2880-10										k u n d u						
2924-10										p o l						
3113-10										t e g e						
3136-10										j a r a						
3572-10										b ɛ r ɛː						
3751-10										p ɛː						
3811-10										l						
3959-10										t o l e						
4066-10										g ɔ r̃ ɔ						
4535-10										s u g ɔ						
5180-10										s ɛ m b i						
5583-10										t a ŋ g i						
5981-10										a r̃ a						
25-10										a s ɛ g ɛ						
114-10										d ɔ ɛ						
702-10										ɔ g ɔ ɲ ɔ ŋ ɔ						
851-10										gʷ ãː						
872-10										ɛ n dʒ ɛ						
2179-10										n̩ d i						
2351-10										p a p a						
2442-10										n u m aː						
2496-10										n ɔ						
3448-10										b uː d u						
3482-10										m i s i r ɛ						
3497-10										n a r̃ a						
4101-10										a r̃ a						
4293-10										z o b ɔ						
4520-10										p e dː e						
4609-10										k ɔ r ɔ						
5982-10										g u d u						
196-10										k u l a						
526-10										d a r a k a						
931-10										b e j aː						
2306-10										a m b a						
2514-10										d u d ɛː						
2666-10										s u g o						
2817-10										a ŋ g aː						
3015-10										b a n d a						
3132-10										d u ŋ						
3774-10										t u r ɛː						
3905-10										n uː						
4334-10										s ɔ l						
4570-10										g ɔ ɛː						
5200-10										ɛ l ɛː						
5318-10										d ɔ ãː						
5532-10										i n u						
5752-10										t ɛ						
5866-10										k a r a						
5887-10										j a						
66-10										k a						
432-10										k a n						
685-10										b o n						
744-10										l a b a						
1124-10										eː l eː						
1237-10										i n dʒ ɛː						
1646-10										ɔ gː ɔ						
1823-10										g oː						
2143-10										b a						
2216-10										j a j						
3197-10										g ɛː						
3812-10										p i ŋ g i						
3943-10										p u l u						
4024-10										z i b a						
4259-10										g ɔ m ɛː						
4738-10										g u n d ɔ						
5447-10										g i d e						
5828-10										j a						
5868-10										k a						
245-10										t ɔː						
285-10										n ɛ						
998-10										w ɔː						
1172-10										g u l o						
1578-10										n o m g o						
1668-10										b i n ɛː						
2063-10										i r ɛ						
2288-10										i r̃ eː						
2978-10										k u l a						
3252-10										ɛ m b ɛ						
3551-10										b o n g o						
3683-10										tʃ i n e						
4052-10										b a d a						
4440-10										t i						
5229-10										i n dʒ e						
5391-10										d oː						
5423-10										ɔ d ɔ						
178-10										k o b e						
347-10										tʃ ɛ r ɛ						
568-10										n i n d u g o						
569-10										n i n d i						
1204-10										g e r iː						
1923-10										g e n e						
2109-10										k ɛ d ɛ						
2268-10										i l ɛ						
2338-10										s ɛ						
2619-10										tʃ i l a						
2773-10										b a r m i						
2999-10										d o g ɔ						
3176-10										z ɔː						
3199-10										k ɔ r ɔ ŋ						
3283-10										a r̃ a						
3465-10										sʷ aː						
3640-10										g a r a						
3658-10										d i m ɛ						
3706-10										n a n						
3851-10										a b ɛ						
4205-10										g o n d o						
4986-10										j o						
5043-10										t o n d oː						
5078-10										p i r i m						
5233-10										m u g o						
5467-10										d i g ɛ						
5963-10										z i b e						
600-10										i d i l u						
616-10										ɔ n d u						
1184-10										d ɔ r ɔ						
715-11											d u					
1089-11											n aː					
1319-11											ɲ ɔː					
1398-11											s u ŋ u n u					
1557-11											dʒ i r o					
1626-11											w a g a					
1840-11											t eː ŋ					
2247-11											g oː					
4677-11											k u l e j̃					
5162-11											m i n o					
5406-11											t aː n d i					
1577-11											dʒ i r o					
2196-11											n a l o					
2230-11											s i g o					
2533-11											b a r o					
3605-11											k a n d a					
3866-11											o dʒ i					
4553-11											t aː ŋ g e					
4822-11											k u m u					
5254-11											d i l ɔ					
503-11											k i n a					
1356-11											m a j̃					
1881-11											n uː					
2084-11											j aː p i					
2420-11											k u l ɛ					
3218-11											p u s					
3372-11											n a m a					
3718-11											a r a					
4135-11											b u n i					
807-11											k o w̃					
2320-11											k a ŋː ɛ					
2476-11											k o g o					
2842-11											d i g i					
3719-11											m					
4081-11											d a m b o					
4313-11											n ɛ w̃					
4460-11											s ɔː j					
5514-11											n ɛː n d ɛ					
5810-11											p u l ɛ					
260-11											p i n d i					
890-11											a m i r i					
1336-11											d e g o					
1703-11											b aː					
2735-11											t aː n i					
4591-11											t aː r o					
63-11											k a r a					
463-11											d u m b u					
762-11											b a n a ŋ k uː					
1788-11											s e					
2713-11											t ɛː m d ɛ r ɛ					
3425-11											j o					
4120-11											k o l o					
4184-11											ɲ ɔː					
4423-11											t u l ɔ					
4759-11											n o j o					
4980-11											t ɔː					
5125-11											o n dʒ o					
5339-11											p a g a					
5549-11											t a w o					
5771-11											j u g u					
5938-11											a d u n a					
1415-11											ɲ ɔː					
1542-11											n ɔː					
1683-11											s i j o					
2957-11											m a n d o					
3048-11											b i					
4402-11											j o					
5081-11											p i dʒ i					
6006-11											p o r i					
135-11											t u n u					
158-11											m ɔː n a					
650-11											b e dʒ o					
716-11											j ɔ					
1152-11											t i w ɔ					
1374-11											k o ŋ g o					
1789-11											n u m a					
2083-11											k a n					
2618-11											k ɛː l ɛ					
2880-11											k u n dʒ u g ɔ					
3405-11											ɛ m ɛ					
3572-11											b ɛː r i					
3751-11											b a j					
3811-11											l ɔ					
4535-11											s u g ɔ					
4888-11											s a m u n u					
5583-11											t a ŋ g o					
5751-11											t i j ɔ					
2179-11											n d o					
2442-11											n u m a					
2496-11											n uː n					
4781-11											s a dʒ o					
196-11											k u l e					
408-11											j o m b u					
526-11											d a r a g a					
789-11											g aː n a					
978-11											t e m u					
999-11											j o					
1298-11											g u l u m b a					
3015-11											n ɔː n d ɔ					
3132-11											d u ŋ g a					
3300-11											e w a					
3639-11											t oː w a					
3977-11											o n dʒ i					
3978-11											o n dʒ o					
4648-11											j o					
5532-11											i n i					
432-11											k a n					
446-11											dʒ eː ŋ g e					
1124-11											e l e					
1237-11											iː n dʒ ɛ					
1579-11											u m b u l u					
1748-11											j o					
2774-11											k a n					
2902-11											j o					
3198-11											s ɛ m ɔ					
3550-11											i n i					
3943-11											p a r o					
4219-11											t e m b e					
4259-11											g ɔ m ɛ					
4611-11											k ɔː m ɔ					
4983-11											s oː n d i					
5656-11											o n dʒ i					
5830-11											j eː					
285-11											ŋ a					
1023-11											j o					
1074-11											n u g o					
1172-11											k ɔ l ɔ					
1187-11											u r u					
1205-11											j o					
1454-11											s eː l e					
1524-11											g ɔ					
1612-11											d u m b ɔ					
1668-11											b i n i					
1841-11											g e					
1970-11											p u l a					
2671-11											n uː					
2977-11											k o m b a					
3287-11											b a n a					
3772-11											t o m a					
4363-11											d a m					
4442-11											t i j ɛ					
4479-11											k oː					
5038-11											k ɔ l ɔ ŋ					
5424-11											ɔ l ɔ					
5793-11											s o m b e					
6007-11											p u n a					
347-11											tʃ ɛ r ɔ					
1057-11											k ɔː n i					
1257-11											k ɔ l ɔ ŋ ɔ					
1433-11											p o l					
1501-11											n i g e					
1727-11											j o					
1899-11											p u n i					
2067-11											i d i					
2268-11											e l e					
2372-11											b e l					
2599-11											iː g e					
2756-11											b a n a					
2775-11											b a r i m i					
2863-11											dʒ ɛ j ɔ					
3254-11											d u m a					
3318-11											n oː n d i					
3427-11											g e					
4025-11											j u w a					
4037-11											s a n dʒ a					
4053-11											i m b ɛ					
4280-11											j a g a r a					
4630-11											n ɔː					
4905-11											nʷ ɛː					
5569-11											p aː n d e					
5606-11											t i l ŋ g ɔ					
5640-11											n iː ŋ g a					
5906-11											t eː ŋ g e					
26-11											b e l					
64-11											k a r a					
117-11											dʷ ɛː					
224-11											j a g a					
239-11											t u m b u					
242-11											l ɔ					
312-11											b a j					
600-11											i dʒ i l i					
616-11											u n dʒ o					
687-11											j aː n d o					
743-11											j a j o					
873-11											s i dʒ a					
1001-11											g o					
1434-11											ŋ g e					
715-12												d u				
1089-12												n a ʔ a				
1319-12												n ɔː				
1398-12												s u g u r u				
1557-12												g i r e				
1626-12												w a g a				
1840-12												t i				
2247-12												g oː				
4677-12												k u r eː				
5162-12												m i r̃ i				
5406-12												t aː n				
359-12												k a g a				
1577-12												g i r e				
2196-12												n a r̃ a				
2230-12												s u g o				
2533-12												b a r a				
3605-12												k a n a				
3866-12												o dʒ u				
4553-12												t a g a				
4822-12												k u m o				
5254-12												d u r ɔ				
503-12												k i r̃ i				
1356-12												m a				
2084-12												j aː p i				
2420-12												k u r ɔ				
3218-12												p uː dʒ u				
3718-12												a r a				
4135-12												b ã				
4694-12												g u dʒ u				
807-12												k ɔː m ɔ				
2320-12												k a ŋ ɛː				
2476-12												k ũ				
3719-12												m̩				
4460-12												s ɔː				
5514-12												n ɛ n ɛ				
5810-12												p i r i				
93-12												d ɔː				
385-12												dʒ ɛ m ɛ				
890-12												a m i r̃ i				
1769-12												t ɛ m ɛ				
2162-12												b ɛ r ɛ				
2635-12												s ɔ̃				
3031-12												d ɛ g ɛ				
4591-12												t oː r u				
5301-12												p ɛ r u				
5605-12												t i m ɛ				
63-12												k a r a				
296-12												dʒ a m a				
463-12												d u m u				
762-12												b a n a k uː				
1432-12												t a r u				
1474-12												t ɔ				
2044-12												d i m e				
2713-12												t ɛ m d ɛ r ɛ				
3219-12												p aː dʒ u				
4120-12												k o r o				
4184-12												ɲ aː				
4423-12												d ɔ r̃ ɔ				
4629-12												n u ŋ ɔ				
4904-12												n u ŋ u				
4960-12												dʒ i n aː dʒ u				
4980-12												d iː				
5125-12												ɔ ɲ ɔ				
5549-12												t ɔ w ɔ				
5771-12												dʒ u g u				
5905-12												t i				
5922-12												b i r ɛ				
1-12												p ɛ̃ː				
629-12												t ɛː r i				
667-12												ɛ w ɛ				
1254-12												dʒ ɔ̃ t u r u				
1415-12												ɲ iː				
2551-12												r̃ u				
2901-12												t u ŋ iː				
3885-12												t ɛ r ɛ				
5622-12												p ɛ l ɔ j				
6006-12												p u r̃ u				
43-12												s aː				
158-12												m ɔ ɲ u				
194-12												b ɛ				
1789-12												n u m ɔ				
2618-12												k i r ɛ				
3113-12												t e g e				
3136-12												j a r a				
3751-12												p ɛ̃				
3959-12												t o r u				
4888-12												s a n a				
5180-12												s ɛ m ɛ				
5583-12												t a ŋ a				
25-12												a r u s ɛ g ɛ				
114-12												d ɔ j̃ ɛ				
702-12												ɔ g ɔ ɲ ɔ				
952-12												k u r u				
1941-12												k i r i				
2351-12												b a b aː				
3448-12												b uː d u				
3482-12												m i s i d ɛ				
3497-12												i n aː				
3588-12												k ɔ r ɔ				
4101-12												a r̃ u				
4202-12												g o r o				
4293-12												dʒ ɔ w ɔ				
4520-12												p e dʒ u				
4609-12												k ɔ r ɔ				
4740-12												g u n ɔ				
4781-12												s a dʒ a				
526-12												aː g a				
545-12												i r i				
931-12												b ɛ				
999-12												j ɛ				
1989-12												m i n e				
2145-12												dʒ oː				
2306-12												a m a				
3015-12												n a n a				
3300-12												ɛ w ɛ				
3639-12												t u w aː				
3774-12												t u r u				
3905-12												ɲ e				
3976-12												s ĩ				
4039-12												d ɔ̃				
4152-12												k i r̃ i				
4260-12												ɔ m u				
4334-12												s ɔ̃				
4570-12												d e g e				
5200-12												ɛ l u				
5752-12												t ɛː				
66-12												k a				
744-12												l ɔ w ɔ				
1646-12												ɔ g u				
1745-12												dʒ a j				
2066-12												n a ŋ a				
2958-12												m ɔː				
3197-12												k aː				
3812-12												p i n i				
4337-12												s ɔ n ɔ				
5531-12												i r̃ i				
5868-12												g a ɲ a				
245-12												t ɔ r ɔ				
1002-12												r ɛ				
1026-12												r i				
1187-12												n u r̃ u				
1238-12												i s i				
1454-12												s i l aː				
1524-12												k oː				
2288-12												ɛ r̃ ɛ				
2553-12												b a ŋ u				
2759-12												ɛ g ɛ				
2978-12												k u r ɔ				
3088-12												ɲ ɛ r̃ u				
3256-12												ɛ m a				
3551-12												b ɔ̃				
4052-12												b a dʒ a				
4220-12												k ũ				
4383-12												k o				
4651-12												d ɛ ŋ				
4821-12												k u				
5228-12												b ɛ n				
5319-12												t o dʒ u				
5375-12												m a n u g u				
5465-12												m u ŋ o				
5481-12												j o g o				
5641-12												l ɔ j				
5692-12												a n a				
5715-12												g i r̃ i				
448-12												n ɛ				
567-12												ɲ i n e				
915-12												ĩ				
1057-12												k ɔ n u				
1208-12												g a m i				
1502-12												d u ŋ u				
1669-12												d e m e r e				
1684-12												s i w e				
1864-12												k ɔ g ɔ r ɔ				
1969-12												j u g ɔ r ɔ				
2030-12												k u w ɔ				
2338-12												s ɛ̃				
3283-12												a r̃ a				
3325-12												b ɔː n ɔ				
3395-12												l o				
3535-12												k ã				
3622-12												d aː g a				
3813-12												r̃ i				
4011-12												d e ŋ u				
4025-12												dʒ u w ɔ				
4441-12												b aː r i				
4720-12												a r a				
4721-12												k a r a				
4848-12												ɔ r̃ ɔ n ɔ n ɔ				
5036-12												t o r o				
5078-12												p u r o				
5109-12												l a g a				
5790-12												ɔ r u				
5847-12												oː ɲ o				
6008-12												j ɔ r ɔ				
136-12												k ɛ n ɛ				
331-12												s a dʒ u				
412-12												j aː t ũ				
572-12												ɲ i n i				
618-12												u dʒ ɔ				
652-12												b i j ɛ				
1033-12												k i g i				
715-13													d u j i			
1089-13													n a a			
1319-13													n ɔː			
1398-13													s u g u l u			
1557-13													g i r e			
1626-13													w a g e			
1840-13													t i n u			
2247-13													g o o			
4677-13													k u l o j			
5162-13													m i n ɛ			
5406-13													t aː n d u			
359-13													g a l a			
1577-13													g i r e			
2196-13													n a l a			
2230-13													s u g o			
2533-13													b a r a			
3605-13													k a n d a			
3866-13													o d u			
4553-13													t a g a			
4822-13													k u mː ɔ			
5254-13													d u l ɔ			
503-13													k i j e			
1356-13													m aː			
2084-13													j a a b a			
2420-13													k u l o			
3218-13													b u u d u			
3372-13													n a m a			
3718-13													a r a			
4135-13													b a n u			
4694-13													g u d u			
807-13													k ɔ mː ɔ			
2320-13													k a ŋ e			
2476-13													k uː			
2842-13													d i g u			
3719-13													m ɔ			
4081-13													d a m b a			
4313-13													n ɛ m			
4460-13													s ɔ j			
5514-13													n iː n d ɛ			
5810-13													p i l u			
93-13													d ɔː			
260-13													b ɛ r ɛ			
385-13													dʒ ɛ mː ɛ			
1336-13													t e g e			
1703-13													b aː			
1769-13													t ɛ m b ɛ			
2162-13													b ɛ l ɛ			
2635-13													s o			
3031-13													d ɛ g ɛ			
4591-13													t aː r a			
5301-13													p ɛ l u			
5605-13													t i m ɛ			
63-13													k a r u			
762-13													b a n a n k u			
1432-13													t a l u			
1474-13													t ɔ n			
1788-13													s a			
2044-13													d i mː u			
2713-13													t ɛ m i n d ɛ			
3219-13													b aː d u			
3425-13													j uː			
4120-13													k o l o			
4184-13													ɲ̍ ɲ ɛ			
4423-13													d ɔ n ɔ			
4629-13													n u j ɔ			
4980-13													t ɔː			
5059-13													g u j̃ ɔ			
5125-13													ɔ n dʒ ɔ			
5339-13													p a g a			
5905-13													t i n u			
5922-13													b i r ɛ			
5938-13													a d u n i j aː			
1-13													p ɛ̃ː			
483-13													g o d u			
667-13													ɛ b ɛ			
1254-13													dʒ a n d u l u			
1415-13													n̩ j ɛ			
1683-13													s i j e			
2901-13													t u ŋ i			
3251-13													s a n a			
3885-13													t ɛ r ɛ			
4402-13													j ɛ			
5081-13													b i n d u			
43-13													s a w a			
194-13													b ɛː			
221-13													ɛ s u			
650-13													b o d o			
716-13													j ɔ			
1374-13													g u nː ɔ			
1452-13													g i r a			
1789-13													n u m ɔ			
2083-13													k a n a			
2108-13													n a j			
2618-13													k ɛ l ɛ			
2636-13													m			
2924-13													p o l u			
2941-13													b i l u			
3113-13													t e g e			
3572-13													b ɛ r u			
3811-13													l e			
3959-13													t o l u			
4066-13													g ɔ n ɔ			
5180-13													s ɛ m b ɛ			
5751-13													t i j̃ ɛ			
5981-13													a n a			
872-13													ɛ n dʒ ɛ			
952-13													k u l u			
1941-13													k iː l i			
2442-13													n u m ɔ			
3448-13													b u u d u			
3497-13													nː aː			
4101-13													a n a			
4202-13													g o l o nː o			
4293-13													dʒ ɔ b ɔ			
4520-13													p e d u			
4740-13													g u nː ɔ			
4781-13													s a d a			
5982-13													g u d u			
408-13													j o m b u			
526-13													a g a			
545-13													i r u			
789-13													g a mː a			
931-13													b ɛ			
999-13													j ɛ			
1298-13													g u r u m b aː			
1942-13													j e			
1989-13													m ɛ nː ɛ			
2145-13													dʒ o o			
2306-13													a m b a			
2817-13													a ŋ g aː			
3015-13													n aː n d a			
3639-13													t u wː ɔ			
3774-13													t u r u			
3976-13													s aː			
4152-13													g i			
4260-13													ɔ mː aː			
4334-13													s ɔ l			
4648-13													j ɛ			
5200-13													ɛ l ɛ			
5318-13													d ɔ l ɔ			
5532-13													i n u			
5673-13													d ɛ mː ɛ			
5866-13													k a r u			
5887-13													j aː n a			
66-13													k a			
685-13													b o o			
744-13													n a b a			
1579-13													m̩ b u l o			
1646-13													ɔ g u			
1748-13													j ɛ			
2066-13													n a a			
2216-13													j a a			
2265-13													u l o			
2902-13													j ɛ			
2958-13													m o m o			
3534-13													k ɛ nː ɛ			
3684-13													k i n u			
3944-13													k ɔ ɛ			
4024-13													dʒ i b e			
4219-13													d ɛ m b ɛ			
4240-13													w e l u			
4611-13													k ɔː m ɔ			
5828-13													j aː n a			
5868-13													k a			
245-13													t ɔ l ɔ			
285-13													n ɛ			
348-13													k ɛ r ɛ			
1002-13													l ɛ			
1023-13													j e			
1026-13													l i			
1074-13													n i g e			
1172-13													g u l o			
1238-13													i s e			
1275-13													t aː			
1612-13													n u m b o			
2396-13													n ɛ			
2553-13													b a ŋ u			
2759-13													i g ɛ			
3256-13													ɛ mː ɛ			
3287-13													a nː a			
3407-13													e m			
3551-13													b o j			
4383-13													k ɛ b ɛ			
4442-13													t u j o			
4651-13													d a nː i			
5423-13													ɔ d ɔ			
5424-13													k ɔ l ɔ			
5481-13													j o g o			
5715-13													g i n ɛ			
389-13													n ɛ			
567-13													n i nː ɛ			
915-13													iː			
1057-13													k ɛ ɲː ɛ			
1727-13													j ɛ			
1971-13													j u b u d ɔ			
2338-13													s i ɛ			
2354-13													t i r ɛ			
2500-13													ɛ g ɛ			
2598-13													iː j e			
3159-13													j ɛ			
3325-13													b ɔ n d u			
3851-13													a b i j ɛ			
4037-13													s a n dʒ a			
4280-13													j a g a r u			
4720-13													a l a			
4721-13													k a l a			
4986-13													j u l ɔ			
5043-13													t o n d o l o			
5078-13													b o r o			
5233-13													m u g o			
5361-13													k i d ɛ			
5963-13													dʒ i b u			
6008-13													ɔː l ɔ			
26-13													b ɛ l u			
144-13													o nː u			
331-13													s a d a a			
572-13													n i nː u			
600-13													dʒ oː l u			
618-13													u d ɔ			
936-13													b ɛː			
1033-13													k i g i			
1109-13													p i j e			
1192-13													dʒ i m			
1206-13													k a b i			
715-14														d i		
1089-14														n a ŋ a		
1319-14														n i		
1398-14														s u g u r u		
1557-14														dʒ i r o		
1626-14														w aː g a		
1840-14														t i r̃ u		
2247-14														g u		
4677-14														k u r e j		
5162-14														m i r u		
5406-14														t aː l i		
359-14														g o l u		
2196-14														l a r a		
2230-14														s i g u		
2533-14														b a r u		
3605-14														k a l a		
3866-14														o s u		
4553-14														t a g u		
4822-14														k u m o		
503-14														tʃ i r a		
1356-14														m a j̃		
1881-14														n uː j		
2084-14														j aː f a		
2420-14														k u r ɔ		
3372-14														n a w̃ a		
3718-14														a r u		
4135-14														b a r̃ u		
4694-14														g u s u		
807-14														g oː		
2476-14														k u		
2842-14														d i g u		
3719-14														m		
4081-14														d a m		
4313-14														n ɛ ŋ		
4460-14														s o j̃		
5810-14														p i r u		
93-14														d ɔ		
260-14														b e t e		
385-14														z ɛ m a		
1703-14														b a		
2162-14														b ɛ r u		
2635-14														s o		
2735-14														d a n a		
3031-14														d ɛ g u		
5301-14														p ɛː r u		
5605-14														t i w̃ a		
296-14														z a m u		
1432-14														t a r u		
1474-14														t u ŋ o		
1788-14														i r̃ u		
2044-14														d i m o		
3425-14														j u		
4184-14														n o j̃		
4423-14														d ɔ r u		
4629-14														n u ŋ u		
4904-14														n u ŋ ɔ		
4980-14														t u		
5059-14														g u j̃ o		
5339-14														p a g a		
5905-14														t i r̃ u		
5922-14														b i r a		
5938-14														a d u n aː r̃ u		
483-14														g u s u		
629-14														d ɔ		
1254-14														z a n d u r u		
1898-14														p u r o		
3251-14														j̃ a r̃ a		
5622-14														p e l e j		
158-14														m ɔ s u		
194-14														b ɛ w		
1452-14														g aː r a		
2083-14														k a r̃ u		
2108-14														n a j		
2924-14														p e r u		
3572-14														b ɛ r u		
3751-14														p a j		
3959-14														t o r u		
4066-14														g ɔː r̃ ɔ		
25-14														a r u z a k a		
952-14														k u r ɔ		
2351-14														b a b a		
3482-14														m i s iː l e		
3497-14														n a		
3588-14														k ɔ r ɔ		
4101-14														a r̃ a		
4520-14														b ɛ l u		
4609-14														k ɔ r ɔ ŋ g a j̃		
4740-14														g u n ɔ		
545-14														i r u		
931-14														b ɛ w		
978-14														t o m		
999-14														j e		
1052-14														n a m		
1070-14														l u g u		
2456-14														g u t u		
2514-14														d u s u		
3774-14														t u r u		
3905-14														n a		
4039-14														d ɔ r u		
4334-14														i s o		
4361-14														t e g u		
4570-14														t u k e j		
5752-14														t i		
5887-14														j̃ a r̃ u		
521-14														k a t u		
685-14														s o r̃ u		
1108-14														j i		
2066-14														n a		
2216-14														j a j		
2392-14														l o s u		
2774-14														k a r̃ u		
2958-14														m ɔ m		
3339-14														k a r a		
3944-14														k ɔ r u		
4024-14														z i p a		
4219-14														d o m o		
4240-14														w o r o		
5197-14														e t u		
5531-14														dʒ i r̃ o		
5733-14														n i		
5828-14														j̃ a r̃ u		
409-14														j ɔ r u		
562-14														h u m s u		
1002-14														r u		
1022-14														b i r i		
1023-14														j		
2288-14														ɛ r̃ a		
2759-14														ɛ g a		
2798-14														e r̃ a		
3088-14														ɛ r u		
3287-14														a n u		
3407-14														ɛ m		
3463-14														i w a		
3683-14														tʃ i r̃ o		
4220-14														k u		
4440-14														t i w		
4651-14														d i ŋ		
5272-14														t e g u		
5319-14														t õː s u		
5423-14														oː s u		
5641-14														l e j		
5692-14														a l a		
347-14														tʃ ɛ r u		
389-14														n		
448-14														n e ŋ		
613-14														m a j̃		
787-14														n i w̃ a		
1373-14														k u s o		
1684-14														s i w o		
2030-14														k u w ɔ		
2500-14														ɛ g u		
2619-14														tʃ i r a		
2714-14														z a ŋ		
3535-14														k a		
3640-14														l aː r a		
3706-14														n i ŋ		
4011-14														d e ŋ		
4720-14														a l		
5233-14														m u g u		
5467-14														d i g u		
62-14														k i l a		
144-14														t u ŋ ɔ		
283-14														k u		
334-14														s a j		
412-14														j a		
482-14														dʒ e s u		
652-14														b i w		
891-14														k u		
715-15															d i	
1089-15															n aː	
1319-15															n i j̃ ɛ	
1398-15															s u n	
1557-15															g i d i	
1626-15															w a dʒ u	
1840-15															t eː	
2247-15															g o	
4677-15															k u l e	
5162-15															m i r̃ ɛ	
5406-15															t aː n d u	
359-15															g a l	
1577-15															g i d e	
2196-15															l a l	
2230-15															s u w o	
2533-15															b a d u	
3605-15															k a n d a	
3866-15															o z u	
4553-15															t a dʒ u	
4822-15															k u m o	
5254-15															d u l ɔ	
503-15															k i r̃ a	
1356-15															m a j̃	
1881-15															n u m	
2084-15															j aː b ɛ	
2420-15															k u l a	
3218-15															p uː z u	
3372-15															n a m a	
4135-15															b a n	
4694-15															g u z u	
807-15															k o m	
2842-15															d i g u	
3719-15															m ɔ	
4081-15															d a m b u	
4313-15															n ɛ m	
5514-15															n ɛ m d a	
5810-15															p i l ɛ	
93-15															d ɔ	
260-15															b ɛ d ɛ	
385-15															z e m ɛ	
1336-15															t e g e	
1769-15															t ɛ m b ɛ	
2162-15															b ɛ l ɛ	
2635-15															s o	
2735-15															d a n a	
3031-15															d ɛ g ɛ	
5605-15															t i m e	
63-15															g a d a	
296-15															z a m u	
762-15															b a n a k u l	
1432-15															t o l	
1474-15															t ɔ n d ɔ	
2044-15															d i m e	
2713-15															t ɛ m ɛ d ɛ r ɛ	
3219-15															p aː z u	
3425-15															j uː	
4120-15															k o l o	
4423-15															d o r̃ ɔ	
4629-15															n u ŋ ɔ	
4759-15															n i j̃ e	
4904-15															n u ŋ a	
4960-15															g i n aː dʒ e	
4980-15															t oː	
5339-15															p a g a	
5549-15															t a b u	
5905-15															t eː	
5922-15															b i d ɛ	
5938-15															a d u ɲ a	
1-15															p ɛː	
483-15															g o z u	
629-15															d o	
667-15															ɛ b ɛ	
1254-15															z a m d u r u	
1542-15															n ɔ	
2901-15															t u n dʒ ɔ	
2957-15															m a n d u	
3048-15															b i	
3251-15															s a n a	
3885-15															d ɛː	
5081-15															b i n	
43-15															s aː	
135-15															t u n u	
221-15															ɛ z u	
650-15															b e z e	
716-15															j ɛ	
1152-15															t i b ɛ	
1789-15															n u m a	
1862-15															i z u	
2636-15															m	
2880-15															k u n z u	
2924-15															p o l	
2941-15															b i l	
3113-15															t e g e	
3136-15															j a r a	
3405-15															ɛ m ɛ	
3572-15															b ɛ d u	
3751-15															p ɛ j	
3811-15															l e	
3959-15															t o l	
4066-15															g o r̃ ɔ	
4535-15															s u w ɔ	
5180-15															s ɛ m b ɛ	
5751-15															t i j ɛ	
5981-15															a r̃ a	
25-15															a z ɛ g ɛ	
114-15															d ɔ j̃ ɛ	
702-15															ɔ g ɔ ɲ ɔ ŋ ɔ	
872-15															ɛ d ɛ	
952-15															k u r u	
1941-15															k i l i	
2179-15															n̩ d ɛ	
2351-15															b a b a	
2442-15															n u m a	
2496-15															n ɔ	
3448-15															b uː d u	
3482-15															m i s i d ɛ	
3588-15															k ɔ l ɔ	
4101-15															a r̃ u ŋ	
4293-15															z ɔ b ɔ	
4520-15															p ɛː	
4740-15															g u n o	
5982-15															g u z u	
196-15															k u l a	
408-15															j a m b u	
789-15															g ãː	
1070-15															l u g o	
1298-15															g u l u m b a	
1942-15															j e	
1989-15															m ɛ n ɛ	
2306-15															a m b a	
2514-15															t u dʒ u	
2817-15															a ŋ g a	
3015-15															n a n d a	
3132-15															d u ŋ	
3905-15															n u	
3976-15															o m z u	
4039-15															d ɔ n	
4152-15															k i r̃ a	
4278-15															k u n z u	
4334-15															s ɔ n	
4648-15															j o	
5200-15															ɛ l	
5318-15															d ɔ r ɔ	
5866-15															g a d a	
66-15															k a	
432-15															k a n	
1108-15															j ɛ	
1237-15															i n dʒ ɛ	
1748-15															j̃ ɛ	
1823-15															g o l o	
2143-15															b aː	
2392-15															n o z u	
2579-15															d a j	
3198-15															s ɛ m ɛ	
3534-15															tʃ ɛ n ɛ	
3944-15															k o r̃ ɔ	
4024-15															z u b a	
4259-15															g ɔ m	
4337-15															z ɔ m	
5447-15															g i z e	
5830-15															j ɛ	
5868-15															k a	
285-15															n a	
348-15															k ɛ d ɛ	
998-15															w o	
1578-15															n o m	
1668-15															b i n	
1970-15															b u ɲ a	
2396-15															n o	
2553-15															b aː	
2978-15															k u l a	
3256-15															ɛ m ɛ	
3301-15															ɛ b a	
3498-15															n iː	
3772-15															t u m a	
3790-15															g a w	
4363-15															d a m	
4778-15															s aː z i	
4941-15															ɔ j̃ ɔ	
5229-15															i n dʒ u	
5375-15															m aː n ɛ	
5497-15															ɛ w	
5888-15															j ɛ	
6007-15															p u r̃ a	
568-15															n i n d u g o	
569-15															n i n d u g u	
742-15															z aː	
1057-15															tʃ e ɲ e	
1727-15															j ɛ	
1899-15															p u n	
2067-15															i d ɛ	
2268-15															ʔ ə l ɛ	
2338-15															s i j ɛ	
2619-15															tʃ e l a	
2999-15															d ɔ g ɔ	
3325-15															b ɔ n d u	
3395-15															ɔ j̃	
3465-15															sʷ aː	
3658-15															d i m ɛ	
3807-15															p i l	
3851-15															ɔ b i j ɛ	
4205-15															g o n d o l o	
4721-15															g a l a	
5043-15															t o n d o l o	
5233-15															b u g o	
5361-15															k i	
5425-15															j ɔ g ɔ	
5963-15															z i b e	
309-15															d i j a	
687-15															j a n d u	
891-15															k o	
936-15															b i j a	
1192-15															tʃ i ŋ	
1206-15															g a m b u	
715-16																d u
1089-16																n aː
1319-16																n ɔː
1398-16																s u g u r u
1557-16																g i r i
1626-16																w a g u
1840-16																t i n
2247-16																g oː
4677-16																k u l o j
5162-16																m ɛ r̃ ɛ
5406-16																t aː n
359-16																g a l a l
1577-16																g i r u
2196-16																n a r̃ a
2230-16																s u g o
2533-16																b a r a
3605-16																k a n a
3866-16																o dʒ u
4553-16																t a g u
4822-16																k u m ɔ
5254-16																d u l ɔ
503-16																k iː
1356-16																m aː ŋ ɛː
1881-16																n u m ɔ r̃ ɔ
2084-16																j aː b u
2420-16																k u l
3218-16																b uː dʒ u
3372-16																n a w̃ a
3718-16																a r a
4135-16																b a n
4694-16																g u dʒ u
807-16																k ɔ m ɔ
2320-16																k a ŋ a
2476-16																k uː
2842-16																d i g u
3719-16																m ɔ
4081-16																d a m a
4313-16																n ɛ m
4460-16																s ɔ j
5514-16																n ɛ n ɛ
5810-16																p i l
93-16																d ɔː
260-16																b ɛ r ɛ
890-16																a m i r u
1336-16																t e g e
1703-16																b aː
1769-16																t ɛ m ɛ
2162-16																b ɛ l ɛ
2635-16																s o
2735-16																d a n u
3031-16																d ɛ g ɛ
4591-16																t aː r a
5301-16																p ɛ l
5605-16																t ɛ w̃ ɛ
63-16																k a r u
296-16																dʒ a m a
463-16																d u m ɲ i
1432-16																t a l
1474-16																t ɔ ŋ
1788-16																s a
2044-16																d i m ɛ
3219-16																b aː dʒ u
3425-16																j uː
4120-16																k o l o
4184-16																ɲ ɛː
4423-16																d ɔ r̃ ɔ
4960-16																g i n aː dʒ u
4980-16																t ɔː
5059-16																g u j̃
5125-16																ɔ ɲ ɔ
5339-16																p a g a
5549-16																t a b a
5771-16																dʒ u g u
5905-16																t i n
5922-16																b i r ɛ
1-16																p ɛː
483-16																g o dʒ u
629-16																d ɛː
667-16																ɛ b ɛ
1254-16																dʒ a m d u l
1683-16																s iː
2551-16																r a
2901-16																t u ŋ ɛː
3251-16																s a r̃ a
3885-16																t ɛ r ɛ
4402-16																j eː
5081-16																b i n ɛ
5622-16																p ɛː l ɛ j
6006-16																p ɔ r̃ ɔ
43-16																s aː
158-16																m ɔ ɲ u
194-16																b ɛː
221-16																ɛ dʒ u
650-16																b o dʒ o
716-16																j ɛː
1374-16																k ɔ ŋ ɔ
1452-16																g a r a
1862-16																i dʒ i
2083-16																k a r̃ a
2108-16																n a j̃
2618-16																k i l ɛ
2636-16																m
2924-16																p o l
2941-16																b i l
3113-16																t e g e
3136-16																j a r a
3572-16																b ɛ r u
3751-16																p ɛ j
3811-16																l ɛ
3959-16																t o l
4066-16																g ɔ r̃ ɔ
4888-16																s a m n ɛ
5180-16																s ɛ m ɛ
5583-16																t a ŋ a
5981-16																a r̃ a
25-16																a r u s ɛ g ɛ
702-16																ɔ g ɔ j ɔ̃ː
851-16																g ɔ̃ː
872-16																ɛ ɲ ɛ
952-16																k u l
1941-16																k i l
3448-16																b uː d u
3482-16																m i s iː d ɛ
3497-16																n aː
3588-16																k ɔ l ɔ
4101-16																a r̃ a
4202-16																g o l o
4293-16																dʒ ɔ b ɔ
4520-16																p e dʒ u
4609-16																k ɔ r g o
4740-16																g u n ɔ
4781-16																s a dʒ ɛː
5982-16																g u dʒ u
526-16																d a r a g a
545-16																i r u
789-16																g a m a
931-16																b ɛː
1052-16																n a m u
1070-16																l u g o
1298-16																g u r u m aː
1989-16																m ɛ n ɛ
2145-16																dʒ oː
2306-16																a m a
2666-16																s u g o
2817-16																a ŋ g ãː
3015-16																n a n a
3639-16																t u w ɔ
3774-16																t u r u
3905-16																n o
3976-16																s ãː
4039-16																d ɔ n
4260-16																ɔ m u
4278-16																k u ɲ u
4361-16																t e g e
5200-16																ɛː l
5318-16																d ɔ l ɔ
5673-16																d ɛ m ɛ
5752-16																t ɛː
5866-16																g a m i r u
5887-16																j aː r̃ a
432-16																k a r̃ a
685-16																b oː n ɔ
744-16																l a b a
1646-16																ɔ g u
1745-16																dʒ a j ɛː
2066-16																n a ŋ a
2216-16																j aː
2265-16																u l o
2579-16																d o m
2958-16																m ɔː
3198-16																s e w̃ ɛ
3534-16																k ɛ n ɛ
3684-16																k i n
3812-16																p i n ɛ
3944-16																k ɔː
4024-16																dʒ i b ɛ
4240-16																w e l
4337-16																s o m
5828-16																j aː r̃ a
245-16																t ɔ l ɔ
285-16																n ɛ
348-16																k ɛ r ɛ
409-16																g o r u
998-16																w ɛ
1002-16																l ɛ
1026-16																l i m ɔ
1172-16																g u l o
1238-16																i dʒ u
1275-16																t ãː
1524-16																k oː l o
1612-16																n u m ɔ
2288-16																ɛ r̃ ɛ
2334-16																ɛ dʒ u
2396-16																n ɛ
2553-16																b a ŋ a
2759-16																i g ɛ
2798-16																ɛ r̃ ɛ
3256-16																ɛ m ɛ
3407-16																ɛ m
3551-16																b o j
3790-16																g a w
4442-16																t u j
5229-16																b a n
5465-16																m u j̃
5481-16																j o g o
5497-16																ɛ w
5641-16																l ɛ j
5692-16																a n a
5715-16																g ɛ r̃ ɛ
389-16																n ɛ
567-16																n i n ɛ
915-16																iː
1208-16																g a m a
1502-16																d u ŋ u
1899-16																p u j
1969-16																j u g ɔ r ɔ
2030-16																k u b ɔ
2354-16																t i r ɛ
2500-16																ɛ g ɛ
2598-16																j ɛĩ
2714-16																s u m
3159-16																j ɛ n ɛ
3325-16																b ɔ n ɔ
3395-16																l oː
3851-16																a b ɛː
4011-16																d ɛ j̃
4630-16																n ɛː
4720-16																a l
4721-16																g a l a
4905-16																n ɛː
5043-16																t o n o l o
5109-16																l a g a
5361-16																k i dʒ ɛ
5425-16																j ɔ g ɔ
5847-16																o ɲ ɔ
5963-16																dʒ i b u
6008-16																j u l ɔ
62-16																k i
144-16																o n ɔ
283-16																g e
334-16																s i s aː
572-16																n i n u
618-16																u dʒ ɔ
936-16																b i
1033-16																k i g i
1109-16																p iː
1192-16																dʒ i m
1417-16																k aː
