COGID	AntangWesternSandong	BanliangYangAn	DujiangEasternSandong	JiaoliPandong	JiarongSouthernSandong	JiuqianSouthernSandong	Pandong	RenliEasternSandong	SanjiangEasternSandong	ShuigenCentralSandong	ShuiweiSouthernSandong	ShuiyaoSouthernSandong	TangnianYangAn	TangzhouWesternSandong	TingpaiWesternSandong	ZhongheCentralSandong
2821	l j e n ¹		l j aː n ¹		l j aː n ¹	l j aː n ¹	l j e n ¹	l j aː n ¹	l j aː n ¹	l j aː n ¹	l j aː n ¹	l j aː n ¹		l j aː n ¹	l j a n ¹	l j aː n ¹
3293	ŋ w aː ŋ ¹	ŋ w aː ŋ ¹	ŋ w aː ŋ ¹	n j a n ¹	ŋ w aː ŋ ¹	ŋ w aː ŋ ¹				ŋ w aː ŋ ¹	ŋ w aː ŋ ¹	ŋ w aː ŋ ¹	ŋ w aː ŋ ¹	ŋ w a ŋ ¹	ŋ w aː ŋ ¹	ŋ w aː ŋ ¹
4999	ˀd w ə ¹		d w a ¹	t j o ¹	ˀd a ¹	ˀd a ¹		d w a ¹	d w a ¹	ˀd w a ¹	ˀd a ¹	ˀd a ¹		ˀd o ¹	ˀd w a ¹	ˀd w a ¹
4039	m i t ¹	m i t ¹	m i t ¹		m i t ¹	m i t ¹	m i t ¹			m i t ¹	m i t ¹	m i t ¹	m i t ¹	m i t ¹	m i t ¹	m i t ¹
10273	v u ¹	v u ¹	v u ¹		v u ¹	v u ¹		v u ¹	v u ¹	v u ¹	v u ¹		v u ¹	v u ¹	v u ¹	v u ¹
4056	h ə n ¹	h ə n ¹	h ə n ¹		x ə n ¹	x ə n ¹			h ə n ¹	h ə n ¹	x ə n ¹	h ə n ¹	h ə n ¹	x ə n ¹	h ə n ¹	h ə n ¹
10503	f aː ŋ ¹	p a ŋ ¹	f aː ŋ ¹	f a ŋ ¹	f aː ŋ ¹	v a ŋ ¹	h w aː n ¹			ɣ aː n ¹	f aː ŋ ¹		p a ŋ ¹	f aː ŋ ¹	f aː ŋ ¹	f aː ŋ ¹
10764	n i ¹		n i ¹	n j e ¹	n i ¹	n i ¹		n i ¹	n i ¹	n i ¹	n i ¹	n i ¹		n i ¹	n i ¹	n i ¹
10765	ˀb j e k ¹	m j aː k ¹	ⁿb j aː k ¹			ˀb j aː k ¹		ⁿb j aː k ¹	ⁿb j aː k ¹	ˀb j aː k ¹	ˀb j aː k ¹	ˀb j aː k ¹	m j aː k ¹	ˀm j e k ¹	ˀb j a k ¹	ˀb j aː k ¹
2248	f aːi ¹		f aːi ¹	f aːi ¹	f aːi ¹	f aːi ¹		f aːi ¹	f aːi ¹	f aːi ¹	f aːi ¹	f aːi ¹		f aːi ¹	f aːi ¹	f aːi ¹
2266	f e ¹		f e ¹	f e ¹	f e ¹	f e ¹		f e ¹	f e ¹	f e ¹	f e ¹	f e ¹		f əi ¹	f e ¹	f e ¹
3713	z u ŋ ¹	ȶʰ u ŋ ¹	z u ŋ ¹		z u ŋ ¹	z u ŋ ¹		z u ŋ ¹	z u ŋ ¹	ʔ ũ ¹	z u ŋ ¹	ʔ u ŋ ¹		z u ŋ ¹	z u ŋ ¹	z u ŋ ¹
8399			s a ¹	s a ¹	s a ¹	s a ¹	s a ¹	s a ¹	s a ¹	s a ¹	s a ¹	s a ¹		s a ¹	s a ¹	s a ¹
9782	v ə t ¹	v ə t ¹	v ə t ¹	v ə t ¹		v ə t ¹	v ə t ¹	v ə t ¹		v ə t ¹		v ə t ¹	v ə t ¹	v ə t ¹	v ə t ¹	v ə t ¹
8922		q au ¹	q au ¹		q au ¹	q au ¹		q au ¹	q au ¹	q au ¹	q au ¹	q au ¹	q au ¹	q au ¹	q au ¹	q au ¹
9426	ⁿd o ¹		ⁿd o ¹	ⁿd o ¹	ⁿd o ¹	ⁿd o ¹		ⁿd o ¹	ⁿd o ¹	ⁿd o ¹	ⁿd o ¹	ⁿd o ¹		ⁿd o ¹	ⁿd o ¹	ⁿd o ¹
7936	ⁿd a m ¹	t a m ¹	ⁿd a m ¹	ⁿd u m ¹	ⁿd a m ¹	ⁿd a m ¹		ⁿd a m ¹	ⁿd a m ¹	ⁿd a m ¹	ⁿd a m ¹		ⁿd a m ¹		ⁿd a m ¹	ⁿd a m ¹
7799	j u ¹		j u ¹	j u ¹	j u ¹	j u ¹		j u ¹	j u ¹	j u ¹	j u ¹	j u ¹		j u ¹	j u ¹	j u ¹
9855	l i n ¹		l i n ¹	l i n ¹	ˀd i n ¹	ˀd i n ¹		l i n ¹	l i n ¹	l i n ¹	ˀd i n ¹	ˀd i n ¹	l i n ¹		l i n ¹	l j ə n ¹
9751		p e k ¹	p j aː k ¹		p j aː k ¹	p j aː k ¹	p e k ¹	p j aː k ¹	p j aː k ¹	p j aː k ¹		p j aː k ¹	p e k ¹	p i k ¹	p e k ¹	p j aː k ¹
1037	ʁ aːi ¹		ʁ aːi ¹		ʁ aːi ¹	ʁ aːi ¹	ɣ aːi ¹	ʁ aːi ¹	ʁ aːi ¹	ʁ aːi ¹	ʁ aːi ¹	ʁ aːi ¹		ʁ aːi ¹	ʁ aːi ¹	ʁ aːi ¹
10733	ʔ ai ¹		ʔ ai ¹	ʔ ai ¹		ʔ ai ¹	ʔ ai ¹	ʔ ai ¹	ʔ ai ¹	ʔ ai ¹		ʔ ai ¹	ʔ ai ¹	ʔ əi ¹	ʔ ai ¹	ʔ ai ¹
5520	ⁿd j o ŋ ¹	t j o ŋ ¹	ⁿd j o ŋ ¹	ⁿd j o ŋ ¹		ⁿd j o ŋ ¹		ⁿd j o ŋ ¹	ⁿd j o ŋ ¹	ⁿd j o ŋ ¹	ⁿd j o ŋ ¹		ⁿd j o ŋ ¹	ⁿd j o ŋ ¹	ⁿd j o ŋ ¹	ⁿd j o ŋ ¹
1367	l i ŋ ¹	m i ŋ ¹	l i ŋ ¹	m i ŋ ¹	l i ŋ ¹	l i ŋ ¹	m i ŋ ¹		l i ŋ ¹	l i ŋ ¹		l i ŋ ¹	m i ŋ ¹	l i ŋ ¹	l i ŋ ¹	
4124	f e ¹	f e ¹	f e ¹	f e ¹		f e ¹		f e ¹	f e ¹	f e ¹	f e ¹	f e ¹	f e ¹		v e ¹	f e ¹
4218	ˀd j e ¹		ⁿd j a ¹	ⁿd j e ¹		ȶ a ¹	ⁿd j a ¹	ⁿd j a ¹	ⁿd j a ¹	ˀd j a ¹	ȶ a ¹		l j a ¹	ˀd j e ¹	ˀd j a ¹	ˀd j a ¹
6053	ˀn a ŋ ¹	n a ŋ ¹	ˀn a ŋ ¹			ˀn a ŋ ¹	n a ŋ ¹	n a ŋ ¹	n a ŋ ¹	ˀn a ŋ ¹	ˀn a ŋ ¹		n a ŋ ¹	ˀn a ŋ ¹	f aː n ¹	ˀn a ŋ ¹
6916	ȶʰ ə n ¹		ɕ ə n ¹	ɕ a n ¹	ȶʰ i n ¹	ȶʰ ə n ¹		ɕ ə n ¹	ɕ ə n ¹	ȶʰ ə n ¹	ȶʰ ə n ¹	ȶʰ i n ¹		ȶʰ e n ¹	ȶʰ a n ¹	ȶʰ ə n ¹
2446	p i ¹		p i ¹	f i ¹	p i ¹	p i ¹		p i ¹	p i ¹	p i ¹	p i ¹	p i ¹		p i ¹	p i ¹	p i ¹
6469		ɣ u m ¹		ɣ u m ¹	ˀɣ u m ¹	ʔ u m ¹	ɣ u m ¹	ɣ u m ¹	ɣ u m ¹	ˀɣ u m ¹	ʔ u m ¹	ˀɣ ə m ¹	ɣ u m ¹	ˀɣ u m ¹	ˀɣ u m ¹	
6510	f o n ¹	f o n ¹	f aː n ¹		f aː n ¹	f aː n ¹		f aː n ¹	f aː n ¹	f aː n ¹	f aː n ¹		f aː n ¹	f o n ¹	f w a n ¹	f aː n ¹
3414	m̥ j aː n ¹	m̥ j aː n ¹	m̥ j aː n ¹		m̥ j aː n ¹	m̥ j aː n ¹		h̃ j aː n ¹	h̃ j aː n ¹	m̥ j aː n ¹	m̥ j aː n ¹	m̥ j aː n ¹		m̥ j aː n ¹	m̥ j aː n ¹	m̥ j aː n ¹
2889	l j aːu ¹	l j eu ¹	l j aːu ¹		l j au ¹	l j eu ¹			l j eu ¹	l j aːu ¹	l j eu ¹	l j aːu ¹	l j eu ¹	l j eu ¹	l j eu ¹	l j aːu ¹
4707	ˀd j a k ¹	l j a k ¹	ⁿd j a k ¹		ˀd j a k ¹	ˀd j a k ¹		ⁿd j a k ¹	ⁿd j a k ¹	ˀd j a k ¹	ˀd j a k ¹	ˀd j a k ¹	l j a k ¹	ˀd j a k ¹	ˀd j a k ¹	
7418	q u m ¹		q a m ¹		q a m ¹	q u m ¹		q u m ¹	q u m ¹	q u m ¹	q u m ¹	k ə m ¹		q u m ¹	q u m ¹	q a m ¹
5099	s aː n ¹		s aː n ¹		s aː n ¹	s aː n ¹		s aː n ¹	s aː n ¹	s aː n ¹	s aː n ¹	s aː n ¹		s aː n ¹	s aː n ¹	s aː n ¹
401	n̥ o ¹	n̥ o ¹	n̥ o ¹		n̥ o ¹	n̥ o ¹				n̥ o ¹	n̥ o ¹	n̥ o ¹	n̥ o ¹	n̥ o ¹	n̥ o ¹	n̥ o ¹
5910	t i n ¹		t i n ¹		t i n ¹	t i n ¹		t i n ¹	t i n ¹	t i n ¹	t i n ¹	t i n ¹		t i n ¹	t i n ¹	t i n ¹
3351	t a ¹	t ə ¹	t e ¹	t e ¹		t e ¹		t e ¹	t e ¹		t e ¹		t ə ¹	t a ¹	t a ¹	t a ¹
10482	j aːu ¹		j aːu ¹		j aːu ¹	j aːu ¹		j aːu ¹	j aːu ¹	j aːu ¹	j aːu ¹	j aːu ¹	j aːu ¹	j aːu ¹		j aːu ¹
532	p i ¹	p ai ¹	p i ¹	p i ¹			p i ¹	p i ¹	p i ¹	p i ¹			p i ¹	p i ¹	p i ¹	p i ¹
1416	l a m ¹	l a m ¹	l a m ¹	l a m ¹			l a m ¹	l a m ¹	l a m ¹	l a m ¹			l a m ¹	l a m ¹	l a m ¹	l a m ¹
5334	p o ¹	p o ¹	p o ¹	p o ¹			p o ¹	p o ¹	p o ¹	p o ¹			p o ¹	p o ¹	p o ¹	p o ¹
10797	l aːi ¹	l aːi ¹	l aːi ¹	l aːi ¹			l aːi ¹	l aːi ¹	l aːi ¹	l aːi ¹			l aːi ¹	l aːi ¹	l aːi ¹	l aːi ¹
5688	n̥ o ¹	n̥ õ ¹	n̥ o ¹		n̥ o ¹	n̥ o ¹				n̥ o ¹	n̥ o ¹	n̥ o ¹	n̥ o ¹	n̥ o ¹	n̥ o ¹	n̥ o ¹
3858	n ui ¹	n ui ¹	n ui ¹	n ui ¹			n ui ¹	n ui ¹	n ui ¹	n ui ¹			n ui ¹	n ui ¹	n ui ¹	n ui ¹
4497	ʔ ẽ ¹	ʔ ẽ ¹	ʔ ẽ ¹	ʔ ẽ ¹		ʔ e ¹		ʔ ẽ ¹	ʔ ẽ ¹	ʔ ẽ ¹	ʔ ẽ ¹			ʔ ẽ ¹	ʔ ẽ ¹	ʔ ẽ ¹
3662	p aːu ¹	p aːu ¹	p aːu ¹	p aːu ¹			p aːu ¹	p aːu ¹	p aːu ¹	p aːu ¹			p aːu ¹	p aːu ¹	p aːu ¹	p aːu ¹
10256	v j ə n ¹	p j a n ¹	v j a n ¹	v j a n ¹			v j ə n ¹	v j a n ¹	v j a n ¹	v j a n ¹			v j ə n ¹	v j ə n ¹	v j aː n ¹	v j a n ¹
2622	m j e ¹	m j a ¹	m j a ¹	m j e ¹	m j a ¹	m j a ¹	m j a ¹	m j a ¹	m j a ¹				m j a ¹	m j e ¹		m j a ¹
4998	h aːi ¹		h aːi ¹		h aːi ¹	h aːi ¹		h aːi ¹	h aːi ¹	h aːi ¹	h aːi ¹	h aːi ¹		h aːi ¹	h aːi ¹	h aːi ¹
4235	p a ¹		p a ¹	p a ¹	ʁ a ¹		p a ¹	p a ¹	p a ¹	p a ¹			p a ¹	p a ¹	p a ¹	p a ¹
6451	p i ¹	p ai ¹	p i ¹	p i ¹			p i ¹	p i ¹	p i ¹	p i ¹			p i ¹	p i ¹	p i ¹	p i ¹
5401	n̥ j a ¹	n̥ j ã ¹	n̥ j a ¹	pʰ j a ¹			pʰ j aː k ¹	pʰ j a ¹	pʰ j a ¹	n̥ j a ¹			ȵ ã ¹	n̥ j a ¹	n̥ j a ¹	n̥ j a ¹
2341		q e ¹	q e ¹		q e ¹	q e ¹	k e ¹	q e ¹	q e ¹	q e ¹	q e ¹	q e ¹	q e ¹			q e ¹
10884	ts e ŋ ¹		ts e ŋ ¹		ts e ŋ ¹	ts e ŋ ¹		ts e ŋ ¹	ts e ŋ ¹	ts e ŋ ¹	ts e ŋ ¹	ts e ŋ ¹		ts i ŋ ¹	ts i ŋ ¹	ts e ŋ ¹
5807	ʔ au ¹	ʔ au ¹	ʔ au ¹	ʔ au ¹			ʔ au ¹	ʔ au ¹	ʔ au ¹	ʔ au ¹			ʔ au ¹	ʔ au ¹	ʔ au ¹	ʔ au ¹
7208	h i ¹	h i ¹	h i ¹	h i ¹		ɕ i ¹	h i ¹	h i ¹	h i ¹	h i ¹				ɕ i ¹	h i ¹	h i ¹
799	l w ə ¹	l o ¹	l w a ¹	l w ə ¹				l w a ¹	l w a ¹	l w a ¹	l a ¹		l o ¹	l o ¹	l w a ¹	l w a ¹
3765	ˀɣ e ¹	ɣ e ¹	ɣ e ¹		ˀɣ e ¹	ˀɣ e ¹				ˀɣ e ¹	ˀɣ e ¹	ˀɣ e ¹	ɣ e ¹	ˀɣ e ¹	ˀɣ e ¹	ˀɣ e ¹
3263	h aː n ¹	h aː n ¹	h aː n ¹	h aː n ¹			h aː n ¹	h aː n ¹	h aː n ¹	h aː n ¹			h aː n ¹	h aː n ¹	h aː n ¹	h aː n ¹
9477	p e ¹	p e ¹	p e ¹	p e ¹			p e ¹	p e ¹	p e ¹	p e ¹			p e ¹	p əi ¹	p e ¹	p e ¹
7734		j aː m ¹	ʔ j aː m ¹		ʔ j aː m ¹	ʔ j aː m ¹		j aː m ¹	ʔ j aː m ¹	ʔ j aː m ¹	ʔ j aː m ¹	ʔ j aː m ¹		ʔ j aː m ¹	ʔ j a m ¹	ʔ j aː m ¹
7902	h aː t ¹	h aː t ¹	h aː t ¹		h aː t ¹	h aː t ¹				h aː t ¹	h aː t ¹	h aː t ¹	h aː t ¹	h aː t ¹	h aː t ¹	h aː t ¹
8731	t aː p ¹	t aː p ¹	t aː p ¹		t aː p ¹	t aː p ¹			t aː p ¹	t aː p ¹	t aː p ¹		t aː p ¹	t aː p ¹	t aː p ¹	t aː p ¹
8968	ʔ a n ¹	ʔ a n ¹	ʔ a n ¹			ʔ a n ¹		ʔ a n ¹	ʔ a n ¹	ʔ a n ¹	ʔ a n ¹		ʔ a n ¹	ʔ a n ¹	ʔ a n ¹	ʔ a n ¹
8414	f j e m ¹	f j aː m ¹	f j aː m ¹		f j aː m ¹	f j aː m ¹				f j aː m ¹	ⁿb j aː m ¹	v j aː m ¹	p j aː m ¹	f j aː m ¹	f j a m ¹	f j aː m ¹
9738	s i t ¹		ɕ i t ¹	s ə t ¹	s j i t ¹	s i t ¹	ɕ i k ¹	ɕ i t ¹	s i t ¹		s i t ¹	s i t ¹	s i t ¹			s i t ¹
8467	s aːu ¹	s eu ¹	s aːu ¹	s aːu ¹			s aːu ¹	s aːu ¹	s aːu ¹	s aːu ¹			s ɛu ¹	s aːu ¹	s aːu ¹	s aːu ¹
9632	m̥ a ¹		m̥ a ¹	m a ¹	m̥ a ¹	m̥ a ¹	m a ¹			m̥ a ¹	m̥ a ¹	m̥ a ¹		m̥ a ¹	m a ¹	m̥ a ¹
9382	k oi ¹	k oi ¹	k oi ¹	k oi ¹		q o t ¹	k oi ¹		k oi ¹	k oi ¹			k oi ¹	k oi ¹	k oi ¹	k oi ¹
9916	k u n ¹	k u n ¹	k u n ¹			k u n ¹		k u n ¹	k u n ¹	k u n ¹	k u n ¹		k u n ¹	k u n ¹	k u n ¹	k u n ¹
1					ⁿd j eu ¹	d əu ¹	d j əu ¹	ⁿd j u ¹	ⁿd j u ¹	d j u ¹	d j u ¹	ⁿd j u ¹	ⁿd j u ¹	d j u ¹	d j au ¹	d j eu ¹
1800	ⁿd j ə ŋ ¹	t ə ŋ ¹	ⁿd j ə ŋ ¹	ⁿd j ə ŋ ¹			ⁿd j ə ŋ ¹	ⁿd i ŋ ¹	ⁿd i ŋ ¹	ⁿd j ə ŋ ¹			ⁿd j ə ŋ ¹	ⁿd j ə ŋ ¹	ⁿd i ŋ ¹	ⁿd j ə ŋ ¹
4964	ˀn j a p ¹	n j a p ¹	ˀn j a p ¹	n j a p ¹			n j a p ¹	n j a p ¹	n j a p ¹	ˀn j a p ¹			n j a p ¹	ˀn j a p ¹	ˀn j a p ¹	ˀn j a p ¹
6260		t au ¹	t au ¹		t au ¹	t au ¹		t au ¹	t au ¹	t au ¹	t au ¹	t au ¹		t au ¹	t au ¹	t au ¹
5824	f u ¹	f u ¹	f u ¹		f u ¹			f u ¹	f u ¹	f u ¹		f u ¹	f u ¹	f u ¹	f u ¹	f u ¹
3791	h j e ŋ ¹	h i ŋ ¹	h j e ŋ ¹	h j ə ŋ ¹			h j ə ŋ ¹	h j e ŋ ¹	h j e ŋ ¹	ɕ e ŋ ¹			h i ŋ ¹	ɕ j ə ŋ ¹	ɕ j a ŋ ¹	ɕ ɪ ŋ ¹
1784	ŋ au ¹	ŋ au ¹		ŋ au ¹	ŋ au ¹		ŋ au ¹			ŋ au ¹		ŋ au ¹	ŋ au ¹	ŋ au ¹	ŋ au ¹	ŋ au ¹
6934	ɕ ə n ¹	h ə n ¹	h j ə n ¹	ɕ a n ¹				h ə n ¹	h j ə n ¹	ɕ ə n ¹			h ə n ¹	ɕ ə n ¹	ɕ a n ¹	ɕ ə n ¹
7245			ɣ aː k ¹		ˀɣ aː k ¹	ˀɣ aː k ¹		ɣ aː k ¹	ɣ aː k ¹	ˀɣ aː k ¹	ˀɣ aː k ¹	ˀɣ aː k ¹		ˀɣ eː k ¹	ˀɣ aː k ¹	ˀɣ aː k ¹
2051	p au ¹	p au ¹	p au ¹	p au ¹				p au ¹	p au ¹	p au ¹			p au ¹	p au ¹	p au ¹	p au ¹
6544	q u p ¹		q u p ¹		k u p ¹	q u p ¹		q u p ¹	q u p ¹	q u p ¹	q u p ¹	k u ¹		q u p ¹		q u p ¹
6105	ˀd j ə n ¹	l j a n ¹	ⁿd j ə n ¹			ȶ ə n ¹		ⁿd j ə n ¹	ⁿd j ə n ¹	ˀd j ə n ¹			l j ə n ¹	ˀd j ə n ¹	ˀd j a n ¹	ˀd j e n ¹
3500			q a m ¹		q a m ¹	q a m ¹		q a m ¹	q a m ¹	q a m ¹	q a m ¹	q a m ¹		q a m ¹	q a m ¹	q a m ¹
4304	h aːu ¹		h aːu ¹	h aːu ¹			h aːu ¹	h aːu ¹	h aːu ¹	h aːu ¹			h aːu ¹	h aːu ¹	h aːu ¹	h aːu ¹
1570	k ə ¹		q e ŋ ¹		q e ŋ ¹	q e ŋ ¹		q e ŋ ¹	q e ŋ ¹	q e ŋ ¹	q e ŋ ¹	q e ŋ ¹		q e ŋ ¹		q e ŋ ¹
6122	j j u ¹		j j u ¹		j j u ¹	j j u ¹		j j u ¹	j j u ¹	j j u ¹	j j u ¹	j j u ¹		j j u ¹		j j u ¹
2305	j u t ¹		j uː t ¹			j u t ¹	j w ə t ¹	j u t ¹	j u t ¹	j u t ¹	j u t ¹			j u t ¹	j uː t ¹	j uː t ¹
2856	ɣ ui ¹	ɣ ui ¹	ɣ ui ¹		ɣ i ¹	ɣ i ¹			ɣ ui ¹	ɣ ui ¹	ɣ i ¹		ɣ ui ¹	ɣ ui ¹		ɣ ui ¹
9181	t i ŋ ¹				t i ŋ ¹	t i ŋ ¹	t i ŋ ¹	t i ŋ ¹	t i ŋ ¹	t i ŋ ¹	t i ŋ ¹			t i ŋ ¹	t i ŋ ¹	t i ŋ ¹
8985	n̥ ai ¹		n̥ ai ¹		ŋ̊ ai ¹	ŋ̊ ai ¹				ŋ̊ ai ¹	n̥ ai ¹	ŋ̊ ai ¹	n̥ ai ¹	ŋ̊ əi ¹	n̥ ai ¹	n̥ ai ¹
9951	l j u ¹		l j u ¹	l j u ¹		ˀd j u ¹	l j u ¹	l j u ¹	l j u ¹	l j u ¹				l j u ¹	l j u ¹	l j u ¹
8140	n̥ j a p ¹		n̥ j a p ¹		ˀn j a p ¹	n̥ j a p ¹	h j a p ¹		pʰ j a p ¹	n̥ j a p ¹	n̥ j a p ¹	n̥ j a p ¹		n̥ j a p ¹		n̥ j a p ¹
9115		ȶ oi ¹			ȶ oi ¹	ȶ oi ¹		ȶ oi ¹	ȶ oi ¹	ȶ oi ¹	ȶ oi ¹	ȶ oi ¹	ȶ oi ¹	ȶ oi ¹	ȶ oi ¹	
8108	ts ə t ¹	ȶ ə t ¹				ts ə t ¹	ȶ j a t ¹			ts ə t ¹	ts ə t ¹	ts ə t ¹	ȶ ə t ¹	ts ə t ¹	ts ə t ¹	ts ə t ¹
7888	p ai ¹	p ai ¹	p ai ¹	p ai ¹		p aːi ¹			p ai ¹	p ai ¹	p aːi ¹			p əi ¹	p ai ¹	p ai ¹
7638	ȵ o n ¹	ȵ o n ¹		ȵ w ə n ¹		ȵ o n ¹	ȵ w ə n ¹			ȵ o n ¹		ȵ o n ¹	ȵ o n ¹	ȵ o n ¹	ȵ w a n ¹	ȵ o n ¹
9887	pʰ j a ¹	pʰ j a ¹	pʰ j a ¹			pʰ j a ¹	pʰ j a ¹	pʰ j a ¹	pʰ j a ¹	pʰ j a ¹			pʰ j a ¹	pʰ j a ¹	pʰ j a ¹	
9834	s j e t ¹		s j ə t ¹		s j e t ¹	s j e t ¹		s j e t ¹	s j e t ¹	s j e t ¹	s j e t ¹	s j i t ¹		s j e t ¹		s j e t ¹
8192			t o m ¹		t o m ¹	t o m ¹	t o m ¹		t o m ¹	t o m ¹	t o m ¹	t o m ¹		t o m ¹	t o m ¹	t o m ¹
966	ˀd aː ŋ ¹		ⁿd aː ŋ ¹	ⁿd aː ŋ ¹			ⁿd aː ŋ ¹	ⁿd aː ŋ ¹	ⁿd aː ŋ ¹	ˀd aː ŋ ¹			l aː ŋ ¹	ˀd aː ŋ ¹	ˀd aː ŋ ¹	ˀd aː ŋ ¹
5981	l u ¹	l u ¹	l u ¹			l o ¹			l u ¹	l u ¹	l u ¹		l u ¹	l u ¹	l u ¹	l u ¹
434	pʰ a ¹		pʰ a ¹	pʰ a ¹	pʰ a ¹	pʰ a ¹		pʰ a ¹	pʰ a ¹	pʰ a ¹	pʰ a ¹	pʰ a ¹				pʰ a ¹
10619	ɕ ai ¹	ɕ ai ¹			ɕ ai ¹	ɕ ai ¹				ɕ ai ¹	ɕ ai ¹	ɕ ai ¹	ɕ ai ¹	ɕ əi ¹	ɕ ai ¹	ɕ ai ¹
4880	ˀb o ŋ ¹				ˀb o ŋ ¹	ˀb o ŋ ¹		ⁿb o ŋ ¹	ⁿb o ŋ ¹	ˀb o ŋ ¹	ˀb o ŋ ¹	ˀb u ŋ ¹		ⁿb o ŋ ¹	ˀb o ŋ ¹	ˀb o ŋ ¹
2319	j ə n ¹	j ə n ¹	j ə n ¹	j a n ¹		j ə n ¹	j a n ¹	j ə n ¹		j ə n ¹	j ə n ¹		j ə n ¹		j a n ¹	
7158	ˀd a ¹	t a ¹			ⁿd a ¹	ˀd a ¹		ⁿd ə ¹		ˀd a ¹	ˀd a ¹	ˀd a ¹		ˀd a ¹	ˀd a ¹	
10830		kʰ aː ŋ ¹			kʰ aː ŋ ¹	kʰ aː ŋ ¹		kʰ aː ŋ ¹	kʰ aː ŋ ¹	kʰ aː ŋ ¹	kʰ aː ŋ ¹	kʰ aː ŋ ¹			kʰ aː ŋ ¹	kʰ aː ŋ ¹
6853	t o ¹	t o ¹	t o ¹			t o ¹		t o ¹	t o ¹		t o ¹			t o ¹	t o ¹	t o ¹
67		ŋ a m ¹	ŋ a m ¹	ŋ a m ¹		ŋ a m ¹		ŋ a m ¹	ŋ a m ¹	ŋ a m ¹			ŋ a m ¹	ŋ a m ¹		ŋ a m ¹
2016	m̥ a ¹		m̥ a ¹		m̥ a ¹	m̥ a ¹				m̥ a ¹	m̥ a ¹	m̥ a ¹		m̥ a ¹	m̥ a ¹	m̥ a ¹
10332		t j aːu ¹	t j aːu ¹		t j aːu ¹	t j aːu ¹		t j aːu ¹	t j aːu ¹	t j aːu ¹	t j aːu ¹		t j aːu ¹			t j aːu ¹
10542	l u ¹		l u ¹	l u ¹			l u ¹	l u ¹	l u ¹	l u ¹			l aːu ¹	l u ¹		l u ¹
633	j i ŋ ¹		j i ŋ ¹		j i ŋ ¹		j i ŋ ¹		j i ŋ ¹	j i ŋ ¹	j i ŋ ¹	j i ŋ ¹		j i ŋ ¹		j i ŋ ¹
816	ʔ u ¹	ʔ u ¹	ʔ u ¹	ʔ u ¹	ʔ u ¹	ʔ u ¹				ʔ u ¹		ʔ u ¹	ʔ u ¹			ʔ u ¹
6810			ⁿb j aːi ¹		ˀb j aːi ¹	ˀb j aːi ¹		ⁿb j aːi ¹	ⁿb j aːi ¹	ˀb j aːi ¹	ˀb j aːi ¹	ˀb j aːi ¹		m j aːi ¹		ˀb j aːi ¹
344		kʰ a m ¹	h j a m ¹	h j a m ¹						ɕ a m ¹	qʰ a m ¹	qʰ a m ¹	ɕ a m ¹	ɕ a m ¹	ɕ a m ¹	ɕ a m ¹
10168	kʰ u ŋ ¹	kʰ u ŋ ¹	kʰ u ŋ ¹	kʰ u ŋ ¹					kʰ u ŋ ¹	kʰ u ŋ ¹			kʰ u ŋ ¹	kʰ u ŋ ¹	kʰ u ŋ ¹	kʰ u ŋ ¹
3482		ȵ o n ¹	ȵ o n ¹		ȵ o n ¹	ȵ o n ¹		ȵ w a n ¹	ȵ o n ¹	ȵ o n ¹	ȵ o n ¹		ȵ u n ¹		ȵ o n ¹	
2993	ȶ j u ¹		ȶ j u ¹	ȶ j u ¹	ȶ j u ¹	ȶ j u ¹				ȶ j u ¹	t u ¹	ȶ u ¹			ȶ j u ¹	ȶ j u ¹
106	k a m ¹		k a m ¹	k a m ¹		k a m ¹		k a m ¹	k a m ¹	k a m ¹	k a m ¹				k a m ¹	k a m ¹
8938	tʰ a ¹	tʰ a ¹	tʰ a ¹		tʰ a ¹				tʰ a ¹	tʰ a ¹	tʰ a ¹		tʰ a ¹		tʰ a ¹	tʰ a ¹
8548	q o n ¹	q o n ¹	q o n ¹				ȶ o n ¹			q o n ¹	q o n ¹		q o n ¹	q o n ¹	q o n ¹	q o n ¹
9807		q o p ¹			q o p ¹	q o p ¹	q o p ¹			q o p ¹		q o p ¹	q o p ¹	q o p ¹	q o p ¹	q o p ¹
9806	t i n ¹	t i n ¹		t i n ¹			t i n ¹	t i n ¹	t i n ¹		t i n ¹		t i n ¹		t i n ¹	t i n ¹
8484			m aː ŋ ¹		m j aː ŋ ¹	m j aː ŋ ¹		m aː ŋ ¹	m aː ŋ ¹	m aː ŋ ¹	m j aː ŋ ¹	m j e ŋ ¹			m w a ŋ ¹	m aː ŋ ¹
9528	h u p ¹		h u p ¹			qʰ u p ¹		h u p ¹	h u p ¹	h u p ¹	qʰ u p ¹			h u p ¹	h u p ¹	h u p ¹
8311	h a m ¹	h a m ¹	h a m ¹					h a m ¹	h a m ¹	h a m ¹			h a m ¹	h a m ¹	h a m ¹	h aː m ¹
9400	h aː t ¹	h aː t ¹	h aː t ¹			h aː t ¹				h aː t ¹		h aː t ¹	h aː t ¹	h aː t ¹	h aː t ¹	h aː t ¹
9401				ȵ w ə t ¹		ȵ u t ¹	ȵ w ə t ¹	n j u t ¹	n j u t ¹	ȵ u t ¹	ȵ u t ¹	ⁿj u t ¹		ȵ u t ¹	ȵ u t ¹	
8207	s j e ŋ ¹		ɕ aː ŋ ¹	ɕ i ŋ ¹	s j aː ŋ ¹	s j aː ŋ ¹	ɕ j ə ŋ ¹	s j aː ŋ ¹		s j aː ŋ ¹					s j a ŋ ¹	s j aː ŋ ¹
255	tʰ j e p ¹	tʰ i p ¹			tʰ j e p ¹	tʰ j e p ¹	tʰ j e p ¹			tʰ j e p ¹			tʰ i p ¹	tʰ i p ¹	tʰ j a p ¹	tʰ j e p ¹
1519	ŋ̊ aːu ¹	ŋ̊ aː n ¹	ŋ̊ aː n ¹		ŋ̊ aː ŋ ¹	ŋ̊ aː n ¹					ŋ̊ aː n ¹		ŋ̊ aː n ¹	ŋ̊ aː n ¹	ŋ̊ aː n ¹	ŋ̊ aː n ¹
3447	ˀd a ¹		ⁿd a ¹	ⁿd a ¹			ⁿd a ¹	ⁿd a ¹	ⁿd a ¹	ˀd a ¹				ˀd a ¹	ˀd a ¹	ˀd a ¹
4254	z a ¹		z a ¹	z a ¹				z a ¹	z a ¹	z a ¹		z a ¹		z a ¹	z a ¹	z a ¹
2412	ˀd i ¹		ⁿd i ¹	ⁿd i ¹			ⁿd i ¹	ⁿd i ¹	ⁿd i ¹	ˀd i ¹				ˀd i ¹	ˀd i ¹	ˀd i ¹
7466		ɣ a t ¹	ɣ a t ¹	ɣ a t ¹	ɣ ə t ¹		ɣ a t ¹		ɣ a t ¹	ɣ a t ¹			ɣ ə t ¹	ɣ ə t ¹		ɣ ɜ t ¹
1316	ʔ o ¹	ʔ o ¹	ʔ o ¹		ʔ o ¹	ʔ o ¹				ʔ o ¹	ʔ o ¹		ʔ o ¹	ʔ o ¹		ʔ o ¹
5082	m̥ ai ¹		m̥ ai ¹		m̥ ai ¹	m̥ ai ¹				m̥ ai ¹	m̥ ai ¹	m̥ ai ¹		m̥ əi ¹	m̥ ai ¹	m̥ ai ¹
136	l j eu ¹		l j eu ¹	l j u ¹			l j əu ¹	l j eu ¹	l j eu ¹	l j eu ¹				l j eu ¹	l j eu ¹	l j eu ¹
4828	n u ¹	n u ¹	n u ¹	n u ¹						n u ¹			n u ¹	n u ¹	n u ¹	n u ¹
6854	ȶʰ j u ¹	kʰ j u ¹	ɕ j u ¹	s j u ¹			ɕ j u ¹	ɕ j u ¹	ɕ j u ¹	ȶʰ j u ¹			h j u ¹			
6734				p o ¹		p o ¹	pʰ au ¹	p o ¹	p o ¹	p o ¹		p o ¹		p o ¹		p o ¹
6735				tsʰ aːi ¹		tsʰ aːi ¹	s ai ¹	tsʰ aːi ¹	tsʰ aːi ¹	tsʰ aːi ¹		tsʰ aːi ¹		tsʰ aːi ¹		tsʰ aːi ¹
5485	m̥ u ¹		m̥ u ¹			m̥ u ¹				m̥ u ¹	m̥ u ¹	m̥ u ¹		m̥ u ¹	m̥ u ¹	m̥ u ¹
10796	m̥ u ¹		m̥ u ¹			m̥ u ¹				m̥ u ¹	m̥ u ¹	m̥ u ¹		m̥ u ¹	m̥ u ¹	m̥ u ¹
1678	k aː m ¹		k aː m ¹	k aː m ¹				k aː m ¹	k aː m ¹	k aː m ¹				k aː m ¹	k aː m ¹	k aː m ¹
7000		ȵ a ¹	ˀȵ a ¹			ˀȵ a ¹		ȵ a ¹	ȵ a ¹	ˀȵ a ¹	ˀȵ a ¹		ȵ a ¹		ˀȵ a ¹	
2590		n̥ aː ŋ ¹	n̥ aː ŋ ¹			n̥ aː ŋ ¹		h aː ŋ ¹	h aː ŋ ¹	n̥ aː ŋ ¹	n̥ aː ŋ ¹	n̥ o n ¹			n̥ aː ŋ ¹	
6021			ʁ e ¹		ʁ e ¹	ʁ e ¹		ʁ e ¹	ʁ e ¹	ʁ e ¹	ʁ e ¹	ʁ e ¹				ʁ e ¹
1971	ts i m ¹	ts i m ¹	ȶ i m ¹	ts ə m ¹		ts j u m ¹	ȶ i m ¹						ts i m ¹	ts i m ¹	ts i m ¹	
3625	k w aː k ¹		k w aː k ¹	k o k ¹			k w ə k ¹		k w aː k ¹	k w aː k ¹				k w aː k ¹	k w a k ¹	k w aː k ¹
4396		n̥ a ¹	n̥ a ¹							n̥ a ¹	n̥ a ¹	n̥ a ¹	n̥ a ¹	n̥ a ¹	n̥ a ¹	n̥ a ¹
3952	f u ŋ ¹	f u ŋ ¹	f u ŋ ¹	l u ŋ ¹						f u ŋ ¹			f u ŋ ¹	f u ŋ ¹	f u ŋ ¹	f u ŋ ¹
6617	m aː t ¹	m aː t ¹		m aː t ¹			m aː t ¹					m aː t ¹	m aː t ¹	m aː t ¹	m aː t ¹	m aː t ¹
6209	t a n ¹	t a n ¹	t a n ¹	t i n ¹		t j i n ¹							t aː n ¹	t j aː n ¹	t j a n ¹	t a n ¹
1852		ɕ a ¹			ɕ a ¹	ɕ a ¹				ɕ a ¹	ɕ a ¹	ɕ a ¹	ɕ a ¹	ɕ e ¹		ɕ a ¹
9234			h aː ŋ ¹	h aː ŋ ¹	h aː ŋ ¹	h aː ŋ ¹	h aː ŋ ¹	h aː ŋ ¹	h aː ŋ ¹		h aː ŋ ¹	h aː ŋ ¹				
9355	l j u m ¹	l j u m ¹	l j u m ¹	l j u m ¹				l j u m ¹	l j u m ¹		l j u m ¹		l j u m ¹		l j u m ¹	
8782	ɕ au ¹				ɕ au ¹	ɕ au ¹				ɕ au ¹	ɕ au ¹	ɕ au ¹		ɕ au ¹	ɕ au ¹	ɕ au ¹
10685	ⁿd j o ŋ ¹	t j o ŋ ¹	ⁿd j o ŋ ¹					ⁿd j o ŋ ¹	ⁿd j o ŋ ¹	ⁿd j o ŋ ¹				ⁿd j o ŋ ¹	ⁿd j o ŋ ¹	ⁿd j o ŋ ¹
3823	ʁ aːu ¹		ʁ aːu ¹					ʁ aːu ¹	ʁ aːu ¹	ʁ aːu ¹	ʁ aːu ¹			ʁ aːu ¹	ʁ aːu ¹	ʁ aːu ¹
5283	l aːu ¹		l aːu ¹	l aːu ¹			l aːu ¹	l aːu ¹	l aːu ¹	l aːu ¹				l aːu ¹		l aːu ¹
10371		t i ¹		t a ¹		t i ¹	t ai ¹	t i ¹	t i ¹		t i ¹		t i ¹		t i ¹	
7118	ɕ a ŋ ¹	h a ŋ ¹	h j a ŋ ¹				h j a ŋ ¹			ɕ a ŋ ¹			h a ŋ ¹	ɕ a ŋ ¹	ɕ a ŋ ¹	ɕ a ŋ ¹
6309	l o ŋ ¹	q u n ¹	q o n ¹	k u n ¹			q w ə n ¹	m o n ¹	q o n ¹				q u n ¹			l o ŋ ¹
6277		l j u p ¹	ⁿd j u p ¹		ˀd j u p ¹	ˀd j u p ¹		ⁿd j u p ¹	ⁿd j u p ¹		ˀd j ə p ¹		l j ʊ p ¹		ˀd j u p ¹	
7191	l j ə n ¹	l j ə n ¹	l j a n ¹						l j a n ¹	l j e n ¹			l j ə n ¹	l j ə n ¹	l j a n ¹	l j a n ¹
2569		n u n ¹	n u n ¹		n u n ¹			n u n ¹	n u n ¹	n u n ¹	n u n ¹			n u n ¹	n u n ¹	
3790	l aːu ¹		l aːu ¹	l aːu ¹			l aːu ¹	l aːu ¹	l aːu ¹	l aːu ¹				l aːu ¹		l aːu ¹
10829	l u m ¹		l u m ¹	l u m ¹			l u m ¹						l u m ¹	l u m ¹	l u m ¹	l u m ¹
1090				t a ¹	t a ¹	t a ¹	t a ¹			ȶ i ¹	t a ¹	t a ¹		t ə ¹		
4178			ⁿb i ¹		ⁿb i ¹	ⁿb i ¹		ⁿb i ¹	ⁿb i ¹	ⁿb i ¹	ⁿb i ¹	ⁿb i ¹				
4177	m i ŋ ¹	m i ŋ ¹		m i ŋ ¹			m i ŋ ¹						m i ŋ ¹	m i ŋ ¹	m i ŋ ¹	m i ŋ ¹
4007	q a m ¹						q a m ¹	q a m ¹	q a m ¹	q a m ¹	q a m ¹			q a m ¹		q a m ¹
1713			n̥ a ¹		n̥ a ¹	n̥ a ¹				n̥ a ¹	n̥ a ¹	n̥ a ¹		n̥ a ¹	n̥ a ¹	
7029	ʔ u n ¹		ʔ u n ¹					ʔ u n ¹	ʔ u n ¹	ʔ u n ¹				ʔ u n ¹	ʔ u n ¹	ʔ u n ¹
3935			f j a ¹	f j e ¹	f a ¹	f j a ¹		f j a ¹	f j a ¹		f j a ¹	f a ¹				
3766		ʔ ai ¹		ʔ ai ¹		ʔ ai ¹	ʔ ai ¹	ʔ ai ¹	ʔ ai ¹				ʔ ai ¹			ʔ ai ¹
9703	l ui ¹		l ui ¹					l ui ¹	l ui ¹	l ui ¹				l ui ¹	l ui ¹	l ui ¹
7537	ʔ ĩ ¹		ʔ ĩ ¹					ʔ ĩ ¹	ʔ ĩ ¹	ʔ ĩ ¹			ʔ ĩ ¹	ʔ ĩ ¹	ʔ ĩ ¹	
10054		h aː n ¹		h aː n ¹	h aː n ¹	h aː n ¹	h aː n ¹					h aː n ¹	h aː n ¹		h aː n ¹	
7971	ʔ w e n ¹		ʔ w e n ¹			ʔ w e n ¹				ʔ w e n ¹		ʔ w eː n ¹		ʔ w i n ¹	ʔ w e n ¹	ʔ w e n ¹
8281					ˀd a ¹			ȶ a ¹	ȶ a ¹		t a ¹	ˀd a ¹		ȶ a ¹	ȶ a ¹	ȶ a ¹
8380	h o ¹		h o ¹					h o ¹	h o ¹	h o ¹				h o ¹	h o ¹	h o ¹
8006	ɕ u ŋ ¹	t u ŋ ¹	h j u ŋ ¹							ɕ u ŋ ¹			t u ŋ ¹	ɕ u ŋ ¹	ɕ u ŋ ¹	ɕ u ŋ ¹
9074	l j u k ¹		l j u k ¹					l j u k ¹	l j u k ¹	l j u k ¹				l j u k ¹	l j u k ¹	l j u k ¹
21	ȶ ə n ¹		ȶ ə n ¹		ȶ i n ¹	ȶ ə n ¹				ȶ i n ¹				ȶ ə n ¹	ȶ a n ¹	ȶ ə n ¹
11083	ȶ ə n ¹		ȶ ə n ¹			ȶ ə n ¹				ȶ i n ¹	ȶ ə n ¹			ȶ ə n ¹	ȶ a n ¹	ȶ ə n ¹
11180	ʔ ai ¹		ʔ i ¹	ʔ ai ¹			ʔ ai ¹	ʔ j au ¹			ʔ i ¹		ʔ ai ¹			ʔ ai ¹
11133			q a ¹	q o ¹		k o ¹	k o ¹	q a ¹	q a ¹			ɣ o ¹	q ə ¹			
10736		n̥ u ¹			n̥ au ¹	n̥ au ¹				n̥ u ¹	n̥ au ¹	n̥ au ¹		n̥ u ¹		n̥ u ¹
10687		n̥ u ¹		n au ¹			n au ¹			n̥ u ¹	n au ¹	n au ¹		n̥ u ¹		n̥ u ¹
7621					t u m ¹	t u m ¹		ⁿd u m ¹	ⁿd u m ¹	ⁿd u m ¹	t u m ¹	t ə m ¹			ⁿd u m ¹	
11069	l i n ¹		l i n ¹		l i n ¹				l i n ¹		l i n ¹	l i n ¹	l i n ¹	l i n ¹		
7504			f e ¹		v e ¹	v e ¹		f e ¹	f e ¹	f e ¹	v e ¹	v e ¹				
7503	ˀn e ¹	n e ¹		n e ¹			n e ¹						n e ¹	ˀn əi ¹	ˀn e ¹	ˀn e ¹
4271	ˀb ə ¹	m ə n ¹	p ə ¹					p ə ¹	p ə ¹					ˀm ə ¹	ˀb ə ¹	
3603		n u ¹			n o ¹		n u ¹	n u ¹					n u ¹	n u ¹	n u ¹	
1679		ȶ ai ¹			ȶ ai ¹	ȶ ai ¹	ȶ ai ¹				ȶ ai ¹	ȶ ai ¹	ȶ ai ¹			
1088	t u ¹	t u ¹	t j u ¹					t u ¹	t u ¹						t o ¹	t u ¹
4176	s i ¹	s ɿ ¹		ɕ i ŋ ¹									s i ¹	s ɿ ¹	s ɿ ¹	s ɿ ¹
1996	p o n ¹	p o n ¹								pʰ o n ¹			pʰ o n ¹	p o n ¹	pʰ w a n ¹	pʰ o n ¹
7486	j eu ¹		j eːu ¹	j j u ¹					j j u ¹	j j u ¹				j j u ¹		j j eu ¹
3126	t u k ¹	t u k ¹								t u k ¹			t u k ¹	t u k ¹	t u k ¹	t u k ¹
6618			j o ¹		j o ¹	j o ¹		j o ¹	j o ¹	j o ¹	j o ¹					
3934	ˀm aː n ¹	m aː n ¹								ˀm aː n ¹			m aː n ¹	ˀm aː n ¹	ˀm aː n ¹	ˀm aː n ¹
4358			p aːi ¹				p ai ¹	p aːi ¹	p aːi ¹	p aːi ¹	p aːi ¹		p aːi ¹			
9233	s ai ¹	ts ai ¹								s ai ¹			z ai ¹	s əi ¹	z ai ¹	s ai ¹
7869				ts a n ¹			ȶ a n ¹	ts a n ¹	ts a n ¹	ts ə n ¹				ts a n ¹		ts a n ¹
8330		ŋ aː ŋ ¹		n i ŋ ¹	ˀŋ aː ŋ ¹	ˀŋ aː ŋ ¹	ŋ aː ŋ ¹				ˀŋ aː ŋ ¹		ŋ aː ŋ ¹			
9365	ˀm ui ¹	m oi ¹	ˀm ui ¹							ˀm ui ¹			m oi ¹	ˀm ui ¹		ˀm ui ¹
7751			v j aː t ¹			v j aː t ¹		v j aː t ¹	v j aː t ¹	v j aː t ¹	v j aː t ¹	v j aː t ¹				
9018	ŋ ai ¹		ŋ̊ ai ¹							ŋ̊ ai ¹	ŋ̊ ai ¹			ŋ̊ əi ¹	ŋ̊ ai ¹	ŋ̊ ai ¹
9836	ˀd j e ŋ ¹		ˀd j aː ŋ ¹	ⁿd j ə ŋ ¹			ⁿd j ə ŋ ¹	ⁿd j aː ŋ ¹		ˀd j aː ŋ ¹						ˀd j aː ŋ ¹
8159				h e ¹	h e ¹		h e ¹	h e ¹	h e ¹		h e ¹	h e ¹				
11181		ʔ j u ¹			ʔ j u ¹	ʔ j u ¹			ʔ j u ¹	j u ¹		j u ¹		ʔ j e ¹		
11129	ȶ ə n ¹				ȶ i n ¹					ȶ i n ¹	ȶ ə n ¹			ȶ ə n ¹	ȶ a n ¹	ȶ ə n ¹
5258	t i ¹			t a ¹			t ai ¹	t i ¹	t i ¹				t i ¹		t i ¹	
1956					ˀȵ aː m ¹	ˀȵ aː m ¹				ˀȵ aː m ¹	ˀȵ aː m ¹	ˀȵ aː m ¹			ˀȵ aː m ¹	ˀȵ aː m ¹
1345		k au ¹		ɣ o ¹			ɣ au ¹						ɣ au ¹	ɣ au ¹	q u ¹	ɣ au ¹
5567	h j e ¹		h j a ¹	h j e ¹			h j a ¹	h j a ¹	h j a ¹						ɕ j a ¹	
228					ts j aː ŋ ¹	ts j aː ŋ ¹		ȶ aː ŋ ¹	ȶ a ŋ ¹	ts j aː ŋ ¹	ȶ a ŋ ¹	ts j aː ŋ ¹				
10143		t u ¹	t u ¹							t u ¹	t u ¹		t u ¹	t u ¹		t u ¹
4273				v a ¹	v a ¹	v a ¹	v a ¹				v a ¹	v a ¹				
3604			q u m ¹	q u m ¹		q u m ¹	h u m ¹		q u m ¹						h u m ¹	
4535	kʰ u ¹		kʰ u ¹	kʰ u ¹				kʰ u ¹	kʰ u ¹							kʰ u ¹
3987			ˀn o n ¹			ˀn o n ¹		n o n ¹	n o n ¹	ˀn o n ¹						ˀn o n ¹
3984	f a ŋ ¹			f a ŋ ¹			h w a ŋ ¹					v a ŋ ¹		f a ŋ ¹	f a ŋ ¹	
3985	m o n ¹	m u n ¹		m u n ¹			m w ə n ¹					m u n ¹			m w a n ¹	
2017		pʰ w a ¹		pʰ w a ¹			pʰ w a ¹	pʰ w a ¹	h w a ¹				pʰ w a ¹			
10545				t j ui ¹	ˀd u ¹	ˀd u ¹	t j ui ¹				ˀd u ¹	ˀd u ¹				
2909			ˀn a ¹	n a ¹			n a ¹	n a ¹	n a ¹							ˀn a ¹
3628					ts ai ¹	ts ai ¹		ts ai ¹		ts ai ¹	ts ai ¹	ts ai ¹				
343	n̥ a ¹	n̥ a ¹							ȵ ui ¹				n̥ a ¹	n̥ a ¹		n̥ a ¹
3179					ɕ o n ¹	ɕ o n ¹		h ɥ a n ¹	h j o n ¹			ɕ o n ¹			ɕ w a n ¹	
3481	m aːu ¹			m aːu ¹			m aːu ¹					m aːu ¹		m aːu ¹		m aːu ¹
470	t u ŋ ¹	t u ŋ ¹						t u ŋ ¹			t u ŋ ¹				t u ŋ ¹	t u ŋ ¹
7487		ŋ w a ¹			ŋ w ã ¹		ŋ w a ¹					ŋ w a ¹	ŋ w a ¹		ŋ w a ¹	
3954					s i ¹	s i ¹		ɕ i ¹	ɕ i ¹		s i ¹	s i ¹				
2089			s aː n ¹			s aː n ¹	s a n ¹	s aː n ¹	s aː n ¹		s aː n ¹					
9201			ts aː p ¹					ts aː p ¹	ts aː p ¹	ts aː p ¹				ts aː p ¹	ts aː p ¹	
9202				p w ə t ¹	pʰ aː t ¹	pʰ aː t ¹	h aː t ¹				pʰ aː t ¹	h aː t ¹				
8633					q eu ¹	q eu ¹		q eu ¹			q eu ¹	q eu ¹		q eu ¹		
7868		t a t ¹	t a t ¹			t a t ¹				t a t ¹	t a t ¹				t a t ¹	
8329	ˀŋ w a ¹		ˀŋ w a ¹							ˀŋ w a ¹				ˀŋ w a ¹	ˀŋ w a ¹	ˀŋ w a ¹
9529		ȵ a p ¹		j a p ¹	kʰ a p ¹		ⁿd a p ¹					qʰ a p ¹	ȵ a p ¹			
10053	l j e ¹		l j a ¹					l j a ¹	l j a ¹	l j a ¹						l j a ¹
9338	kʰ aː ŋ ¹					x aː ŋ ¹				kʰ aː ŋ ¹		x aː ŋ ¹		kʰ aː ŋ ¹		kʰ aː ŋ ¹
2						ȶ ə n ¹				ȶ i n ¹	ȶ ə n ¹			ȶ ə n ¹	ȶ a n ¹	ȶ ə n ¹
10451						ɕ o ¹		h j o ¹	h j o ¹		h o ¹		ɕ o ¹	ɕ o ¹		
10952	m̥ aː n ¹		m̥ aː n ¹							m̥ aː n ¹				m̥ aː n ¹	m̥ aː n ¹	m̥ aː n ¹
1382		q e n ¹			k i ŋ ¹	k i ŋ ¹					k i ŋ ¹		q e n ¹		k i n ¹	
6310	ⁿd j ə n ¹				ⁿd i ŋ ¹	ⁿd j ə ŋ ¹					ⁿd j ə ŋ ¹	ⁿd i ŋ ¹				ⁿd j ə n ¹
7012	ȵ̥ u ¹		ȵ̥ u ¹							ȵ̥ ũ ¹				ȵ̥ u ¹	ȵ̥ u ¹	ȵ̥ u ¹
7013		n j a n ¹			ˀȵ i n ¹	ˀȵ ə n ¹					ˀȵ ə n ¹	ˀȵ i n ¹	ȵ ə n ¹			
2568	h i k ¹			h i ¹			h i ¹			h i k ¹			s i ¹			ɕ i k ¹
1317		l j o k ¹								l j o k ¹	l j o k ¹		l j o k ¹	l j o k ¹		l j o k ¹
5083		h̃ w ai ¹		h̃ j ai ¹			h̃ w ai ¹	h̃ w ai ¹	h̃ w ai ¹				h̃ w ai ¹			
137		ɣ aː ŋ ¹			ɣ aː ŋ ¹	ɣ aː ŋ ¹					ɣ aː ŋ ¹	ɣ aː ŋ ¹	ɣ aː ŋ ¹			
6488					ʔ u ¹		ʔ u ¹		ʔ u ¹		ʔ u ¹					ʔ u ¹
1932	n a m ¹	n a m ¹		n a m ¹			n a m ¹						n a m ¹			
6140			p ə n ¹	p ə n ¹			p ə n ¹	p ə n ¹	p ə n ¹							
6935					ˀd aːi ¹	ˀd aːi ¹	d ai ¹				ˀd aːi ¹	ˀd ai ¹				
6733		kʰ j u ¹	ɕ j u ¹		ȶʰ j u ¹								kʰ j u ¹		ȶʰ j u ¹	
69					ȶ u ¹		ȶ u ¹				ȶ u ¹	ȶ u ¹			ȶ u ¹	
5486		pʰ u ¹		pʰ u ¹				pʰ u ¹	pʰ u ¹				pʰ u ¹			
10798		pʰ u ¹		pʰ u ¹				pʰ u ¹	pʰ u ¹				pʰ u ¹			
10543	ⁿd i n ¹	ⁿd i n ¹								ⁿd i n ¹			ⁿd i n ¹		ⁿd i n ¹	
2589	m o n ¹						m w ə n ¹						m u n ¹	m u n ¹		m o n ¹
2907	t a ¹	t a ¹								t a ¹				t a ¹	t a ¹	
1973					l u ¹			l u ¹			l u ¹	l u ¹			l u ¹	
4305		qʰ aːu ¹			qʰ aːu ¹	qʰ aːu ¹					qʰ aːu ¹	qʰ aːu ¹				
1997			t j e p ¹					t j e p ¹		t j e p ¹	t j e p ¹		t j e ¹			
6809		k ə n ¹			k ə n ¹		k ə n ¹						k ə n ¹		k ə n ¹	
6123		m j u ¹		m j u ¹			m j u ¹						m j u ¹		m j u ¹	
3128			f j a ¹		f a ¹	f j a ¹					f j a ¹	f a ¹				
4359			m ai ¹				m ai ¹	m ai ¹		m ai ¹	m ai ¹					
3051	ˀd j u p ¹	l j u p ¹				ˀd j u p ¹				ˀd j u p ¹			l j ʊ p ¹			
6211					t i ¹			t i ¹	t i ¹		t i ¹	t i ¹				
169				m j u ¹		ˀm j u ¹					ˀm j u ¹	ˀm j u ¹	m j u ¹			
9321	ʔ u n ¹		ʔ u n ¹							ʔ u n ¹	ɣ u n ¹					ʔ u n ¹
9323				l j u ¹			l j u ¹	l j u ¹	l j u ¹						l j u ¹	
9784					qʰ eu ¹	qʰ eu ¹	qʰ au ¹				qʰ eu ¹	qʰ eu ¹				
7867	n aː k ¹	n a k ¹											n aː k ¹	n aː k ¹		n aː k ¹
9114	l i ¹		l i ¹	l i ¹			l i ¹									l i ¹
7991					n̥ i ¹	n̥ i ¹				n̥ i ¹	n̥ i ¹	n̥ i ¹				
7989		ʔ a n ¹		t w ə n ¹			h w ə n ¹	ʔ a n ¹					h a ŋ ¹			
7750	l o t ¹	l o t ¹											l o t ¹	l u t ¹		l w aː t ¹
9020				k aː ŋ ¹	ts j aː ŋ ¹	ts j aː ŋ ¹	k aː ŋ ¹					ts j e ŋ ¹				
8953			ⁿb j u m ¹					ⁿb j u m ¹	ⁿb j u m ¹	ⁿb j u m ¹						ⁿb j u m ¹
9340			ɕ aː ŋ ¹		s au ¹			s au ¹	s au ¹		s au ¹					
8007				pʰ j u ¹			pʰ j o ŋ ¹	pʰ j u ŋ ¹	pʰ j o ŋ ¹		l j o ŋ ¹					
8381		kʰ u ¹			qʰ o ¹	qʰ o ¹					qʰ o ¹	qʰ o ¹				
9402		ⁿd j a n ¹			ⁿd j a n ¹	ⁿd j a n ¹					ⁿd j a n ¹					ⁿd j a n ¹
8209	l j e m ¹								l j aː m ¹		l j aː m ¹	l j aː m ¹		l j aː m ¹		
8157	l i ¹					l i ¹				l i ¹					l i ¹	l i ¹
9075		t u n ¹		t w ə n ¹	f ə n ¹		t w ə n ¹						t u n ¹			
6417	ʔ w o ŋ ¹		ʔ w aː ŋ ¹							ʔ w aː ŋ ¹					ʔ w a ŋ ¹	ʔ w aː ŋ ¹
6420					ˀb j aː ŋ ¹	ˀb j aː ŋ ¹					ˀb j aː ŋ ¹	ˀm j e ŋ ¹	m aː ŋ ¹			
3825				ʔ aːu ¹	h aːu ¹	ʔ aːu ¹	ʔ aːu ¹					ʔ aːu ¹				
7619	t j u ¹	t j u ¹								t j u ¹				t j u ¹		t j u ¹
7620			t j aː ŋ ¹	t j ə ŋ ¹			t j ə ŋ ¹	t j aː ŋ ¹	t j aː ŋ ¹							
967		q aː ŋ ¹			q aː ŋ ¹	q aː ŋ ¹					q aː ŋ ¹	q aː ŋ ¹				
7120				v a ¹	ˀb a ¹			v a ¹	v a ¹		ˀb a ¹					
7193					f aː n ¹	f aː n ¹		f aː n ¹			f aː n ¹	f aː n ¹				
5984			l o m ¹		l o m ¹	l o m ¹		l o m ¹	l o m ¹							
3448		q a ¹			q a ¹	q a ¹					q a ¹	q a ¹				
4255		ȶʰ a ¹			ts j a ¹	ts j a ¹					ts a ¹		ȶʰ a ¹			
7467	ȶ ə n ¹			ȶ a n ¹	ȶ a n ¹					ȶ ə n ¹					ȶ a n ¹	
1318				ɣ aː ŋ ¹				ɣ aː ŋ ¹	ɣ aː ŋ ¹			l aː ŋ ¹			ɣ aː ŋ ¹	
7465	h a k ¹					h a k ¹		h a k ¹			h a k ¹	h a k ¹				
4881		v a ŋ ¹	l aː n ¹	l aː n ¹			l aː n ¹						v a ŋ ¹			
2321				ts a p ¹			ȶ a p ¹	ts a p ¹	ts a p ¹			ts a p ¹				
3912				ts u m ¹		s u m ¹		s u m ¹	s u m ¹			s ə m ¹				
7160			l a ¹				l ə ¹		l a ¹							l a ¹
3602	ˀm au ¹	m au ¹								ˀm au ¹						ˀm au ¹
4829					p j a ¹	p j a ¹					p j a ¹	p j a ¹				
5911		p j a ¹		p j a ¹			p j a ¹						p j a ¹			
4538						f u ¹				f u ¹				f u ¹	f u ¹	
534					ʁ a ¹	ʁ a ¹					ʁ a ¹	ʁ a ¹				
6856					j j u ¹	j j u ¹					j j u ¹	j u ¹				
5335					m o ¹	m o ¹					m o ¹	m o ¹				
10800					ˀd aːi ¹	ˀd aːi ¹					ˀd aːi ¹	ˀd aːi ¹				
2053					q au ¹	q au ¹					q au ¹	q au ¹				
3859					t a ¹	t a ¹					t a ¹	t a ¹				
3294		t j a k ¹			t a k ¹			ⁿd j a k ¹					ⁿd j a k ¹			
3663					q aːu ¹	q aːu ¹					q aːu ¹	q aːu ¹				
10257					ɕ j u ¹	ɕ j u ¹					h j u ¹	ɕ j u ¹				
2623										t o ŋ ¹	t o ŋ ¹	t o ŋ ¹			t o ŋ ¹	
4237					q a ¹	q a ¹					q a ¹	q a ¹				
4011					ts o ŋ ¹	ts o ŋ ¹					ts o ŋ ¹	ȶ o ŋ ¹				
2340	ȶ e ¹			ȶ e ¹										ȶ e ¹	ȶ e ¹	
6452					ʁ a ¹	ʁ a ¹					ʁ a ¹	ʁ a ¹				
5402					m̥ a ¹	m̥ a ¹					m̥ a ¹	m̥ a ¹				
1571	l o ¹				l o ¹						l o ¹	l o ¹				
6807	p i ¹			v i ¹			ⁿb i ¹								ˀb i ¹	
2000					ts j e n ¹	ts j e n ¹	t e ŋ ¹		ts e n ¹							
5808					ⁿd au ¹	ˀd au ¹					ˀd au ¹	ˀd au ¹				
10885		t aːu ¹		t aːu ¹			t aːu ¹						t aːu ¹			
4397				pʰ j a ¹			pʰ j a ¹	pʰ a ¹	pʰ a ¹							
7031				ȵ o n ¹	ˀŋ o n ¹	ˀŋ o n ¹	ȵ w ə n ¹									
3176	n aːu ¹			n aːu ¹										n aːu ¹		n aːu ¹
10509								kʰ aːi ¹	kʰ aːi ¹		kʰ aːi ¹	kʰ aːi ¹				
10170					l aːu ¹	l aːu ¹					l aːu ¹	l aːu ¹				
1851	h j e ¹		h j a ¹					h j a ¹	h j a ¹							
3264					qʰ aː n ¹	qʰ aː n ¹					qʰ aː n ¹	qʰ aː n ¹				
174										j aːu ¹	j aːu ¹		j aːu ¹	j aːu ¹		
2994		p aː n ¹									kʷ e n ¹		p aː n ¹	pʰ ə ŋ ¹		
9322		ŋ u n ¹				ʁ u n ¹							ŋ u n ¹	ˀŋ u n ¹		
9478					q e ¹	q e ¹					q e ¹	q e ¹				
9182		t j ə t ¹	t j ə t ¹							t j ə t ¹			t j ə t ¹			
9783					p a n ¹			p a n ¹	p a n ¹		p a n ¹					
8986				pʰ j ai ¹			pʰ j ai ¹	pʰ ai ¹	pʰ ai ¹							
9705					ɣ i ¹	ɣ i ¹					ɣ i ¹	ɣ i ¹				
7538					ˀȵ i ¹	ˀȵ i ¹					ˀȵ i ¹					ˀȵ i ¹
9367					s i ¹	s i ¹		ɕ i ¹	ɕ i ¹							
8951	m j ə t ¹			m j a t ¹										m j ə t ¹	m j a t ¹	
8954					ɣ ai ¹	ɣ ai ¹					ɣ ai ¹	ɣ ai ¹				
7972		v e n ¹			ˀb j e n ¹						ˀb e n ¹		v e n ¹			
8468					kʰ aː ŋ ¹	kʰ aː ŋ ¹					kʰ aː ŋ ¹	kʰ aː ŋ ¹				
8312				h a ¹		h a ¹					h a ¹	h a ¹				
8784			h j au ¹	h j au ¹				h j au ¹	h j au ¹							
8158		v e ¹	p əi ¹										v e ¹	f əi ¹		
8191	t o k ¹	s o p ¹		t o k ¹									s o k ¹			
9077					ʔ a ŋ ¹	ʔ a ŋ ¹					ʔ a ŋ ¹	ʔ a ŋ ¹				
6419				v w ə ŋ ¹			ⁿb w ə ŋ ¹	v aː ŋ ¹	v aː ŋ ¹							
10447	n a ŋ ¹		n a ŋ ¹							n a ŋ ¹						n a ŋ ¹
5285					ˀd aːu ¹	ˀd aːu ¹					ˀd aːu ¹	ˀd aːu ¹				
1801					h u p ¹	h u p ¹					h u p ¹	h ə p ¹				
1383			h j ai ¹	h j ai ¹				h j ai ¹	h j ai ¹							
10953		pʰ w aː n ¹						pʰ w aː n ¹	pʰ w a n ¹				pʰ w aː n ¹			
1954	ʔ j a m ¹	j aː m ¹											j aː m ¹	ʔ j a m ¹		
1955			n aː n ¹	n aː n ¹				n aː n ¹	n aː n ¹							
7014				h̃ j u ¹			h̃ j u ¹	h̃ j u ŋ ¹	h̃ j u ¹							
2724			ȵ u ¹							ȵ̥ u ¹				ȵ̥ u ¹	ȵ̥ u ¹	
2723		ȵ ə n ¹				ˀȵ ə n ¹					ˀȵ ə n ¹	ˀȵ i n ¹				
4965					ʁ e p ¹	ʁ e p ¹					ɣ e p ¹	ʁ e p ¹				
5570										ɕ a ¹			ɕ a ¹	ɕ e ¹		ɕ a ¹
1319				ɣ au ¹				ɣ au ¹	ɣ au ¹						ɣ au ¹	
6259	ts a n ¹			ts a n ¹			ȶ a n ¹						s a n ¹			
435		ȶʰ o t ¹											ȶʰ o t ¹	ȶʰ o t ¹	ȶʰ o t ¹	
10620			h j ai ¹	h j a ŋ ¹			h j u ¹	h j ai ¹								
3909	l a ŋ ¹	l a ŋ ¹								l a ŋ ¹				l a ŋ ¹		
4708			ɕ i ¹	ɕ i ¹			ɕ i ¹						ȶʰ i ¹			
4274										ˀb a ¹			p j a ¹			ˀb a ¹
7420		p j a ¹					p j a ¹						p j a ¹			
402				h̃ o ¹				h o ¹	h õ ¹							
6071				kʰ i n ¹			kʰ i n ¹				kʰ i n ¹					
10485				m j aːu ¹			m j aːu ¹								m j aːu ¹	
10484			l aː k ¹						l aː k ¹		l aː k ¹					
4537					x o ¹						x o ¹	h o ¹				
6857														l aː k ¹	l aː k ¹	l aː k ¹
1417					ˀn a m ¹	ˀn a m ¹					ˀn a m ¹					
6159		k a ¹			k a ¹							k a ¹				
5689				pʰ o ¹			pʰ o ¹	pʰ o ¹								
6546	ʔ i ¹						ʔ i ¹								ʔ i ¹	
10330	f j ə t ¹													f ə t ¹	f i t ¹	
10331	f j e ¹													f j e ¹	f j a ¹	
6545		j i ¹		j i ¹									j i ¹			
3498	k u ¹			k u ¹			k u ¹									
6107					k ə n ¹						k ə n ¹	k ə n ¹				
6019	v e ¹													v əi ¹	v e ¹	
291				q au ¹				q o ¹	q ə ¹							
4009		kʷ aːu ¹										q a ¹	kʷ aːu ¹			
1974					ts j u p ¹				s u p ¹		s u p ¹					
6812						ʔ aː m ¹				ʔ aː m ¹						ʔ aː m ¹
6811					p e n ¹	p j ə ŋ ¹					p j ə ŋ ¹					
348							h j ã ¹	h j aː ŋ ¹	h a ¹							
7209					t j e m ¹						t j e m ¹	t j e m ¹				
10510										ⁿd aː n ¹	t aː n ¹					ⁿd aː ŋ ¹
10507						s j aː ŋ ¹				s j aː ŋ ¹		s i ŋ ¹				
10172								q e ¹	q e ¹		q e ¹					
10276				l o ¹			l o ¹					l ə ¹				
3177		t a ¹					t a ¹						t a ¹			
4356	l w ə ¹			l w ə ¹											l w a ¹	
4357	ts aː p ¹			ts a ¹	ˀd a ¹											
4587				t i ¹			t i ¹	t i ¹								
10766		h a ¹		ʔ ai ¹									h a ¹			
1853				l j e ¹			l j a ¹								l j a ¹	
2995							n au ¹	n aːu ¹	n aːu ¹							
2996							t au ¹	ts au ¹	ts au ¹							
8634									f j e n ¹				p j aː n ¹		f j a n ¹	
8550					ɣ aː ŋ ¹	ɣ aː ŋ ¹						ɣ aː ŋ ¹				
9805	l u p ¹		l u p ¹						l u p ¹							
8732				t e k ¹			t e k ¹					t e k ¹				
9953					ˀd j o ¹						ˀd j o ¹	ˀd j o ¹				
9704		f aːi ¹		f aːi ¹									f aːi ¹			
7990			f a ¹							f a ¹					f a ¹	
7988	f o n ¹													f o n ¹		f o n ¹
7937					tʰ o ŋ ¹	tʰ o ŋ ¹						tʰ o ŋ ¹				
9650						s ə n ¹					pʰ ə n ¹				s j a n ¹	
9021							pʰ j ai ¹	pʰ j ai ¹	pʰ j ai ¹							
10055					ⁿb j a ¹	ⁿb j a ¹					ⁿb j a ¹					
8279			l a ¹				l a ¹			l a ¹						
9634								pʰ w a ¹	pʰ w a ¹				pʰ w a ¹			
8008					s aːu ¹	s aːu ¹						s aːu ¹				
8783		ɣ o ¹					ɣ o ¹						ɣ o ¹			
9073	ʔ u k ¹							ʔ u k ¹							ʔ u k ¹	
9383					ts u t ¹	ts u t ¹					ts u t ¹					
10734	u ¹		u ¹												u ¹	
10686	u ¹		u ¹												u ¹	
10689					t au ¹							ts ə ¹	ȶ e ¹			
5521					ts j u m ¹		ȶ u m ¹					ts ə m ¹				
10737				au ¹			au ¹						au ¹			
10448		l j eu ¹			ɬ o ¹										l j o ¹	
1520				ȵ i t ¹						ˀȵ i t ¹		ˀȵ i t ¹				
1521							pʰ j aː n ¹	pʰ j aː n ¹	h j aː n ¹							
1381	ˀd j u p ¹													ˀd j u p ¹		ˀd j u p ¹
10955					ŋ̊ aː n ¹	ŋ̊ aː n ¹					ŋ̊ aː n ¹					
6276	l i n ¹													l i n ¹		l i n ¹
204							ⁿd ai ¹							ˀd aːi ¹		ˀd aːi ¹
4219		k a ¹			k a ¹							k a ¹				
2571												t i ¹	t i ¹	t i ¹		
2414					h aː n ¹	h aː n ¹					h aː n ¹					
6468	ȶ o ŋ ¹		ȶ o ŋ ¹													ȶ o ŋ ¹
5568		kʰ a ¹			kʰ a ¹							kʰ a ¹				
226			h j a ŋ ¹											ɕ a ŋ ¹		ɕ a ŋ ¹
225	ȶʰ i ¹	ȶʰ i ¹											ȶʰ i ¹			
3793					t u ¹	t u ¹					t u ¹					
3794					t a ŋ ¹						t a ŋ ¹	t a ŋ ¹				
5189					k a m ¹	k a m ¹										k a m ¹
3916		t j au ¹											ȶʰ a ¹		ȶʰ a ¹	
1934		m e ¹											m e ¹			
5101				ȵ a m ¹			ȵ a m ¹									
5100		t j aː n ¹											t j aː n ¹			
4831								q u m ¹	q u m ¹							
1787						m j au ¹					m j au ¹					
2941		m ai ¹											m ai ¹			
4536		kʰ aːu ¹											x aːu ¹			
513				v a ¹				v a ¹								
3988											ˀd o n ¹		t o ŋ ¹			
6855				t au ¹			t au ¹									
7139				q u ŋ ¹			q u ŋ ¹									
2552		ȵ aː ŋ ¹											ȵ aː ŋ ¹			
68					q a ¹							q a ¹				
70							q u m ¹				q a m ¹					
10297				ⁿd aː ŋ ¹			ⁿd aː ŋ ¹									
7242	ȶ e ¹			ȶ e ¹												
7243	h ui ¹			h ui ¹												
566				t au ¹			t au ¹									
3160		l j e ¹											l j e ¹			
5602				p u ¹				p u ¹								
1749				m o m ¹							m u m ¹					
5877		l au ¹											l au ¹			
2822		ȵ u ŋ ¹											ȵ u ŋ ¹			
1018									ⁿb u ¹			ˀb i ¹				
3298								ŋ au ¹	ŋ a ¹							
3297							h au ¹		h au ¹							
4499					z aːi ¹							z aːi ¹				
4501							p o ŋ ¹						p o ŋ ¹			
3533		t aːu ¹											t aːu ¹			
6106				t i p ¹			ⁿd i p ¹									
10849				k ai ¹			k ai ¹									
3499		k aːu ¹											k aːu ¹			
2392	t a ¹													t a ¹		
2910					q ə ¹	k u ¹										
1158				kʰ e ¹		q aːu ¹										
6022				l i ¹			l i ¹									
1157		p a ŋ ¹											p aː n ¹			
4863		m u p ¹											m u p ¹			
6020		ŋ e ¹											ŋ e ¹			
2750		q u ¹														k u ŋ ¹
862							q au ¹					q a ¹				
1182				n a ¹			n a ¹									
5003							l o ŋ ¹						l u ŋ ¹			
4236		ȶ au ¹		t a ¹												
5001		p aːu ¹											p j a ¹			
3876		l aːi ¹											l aːi ¹			
1976										ts aː n ¹						ts aː n ¹
1975								l j aː n ¹	l j aː n ¹							
1574				q oi ¹			q oi ¹									
6037		p aːu ¹											p aːu ¹			
1572		q a m ¹											q a m ¹			
6814													tsʰ ɿ ¹		tsʰ ɿ ¹	
4041								ts u m ¹	ts u m ¹							
1712	ɕ a m ¹	kʰ a m ¹														
1715							h j ã ¹	h a ¹								
6400		kʷ aː ŋ ¹											kʷ aː ŋ ¹			
3627		ȶ aː k ¹											ȶ aː k ¹			
7065				j a ¹												j a ¹
495								ⁿb i n ¹								ˀb i n ¹
493				f a n ¹												f a n ¹
7032											t a ŋ ¹	t a ŋ ¹				
7030		p u n ¹											p u n ¹			
3181										s j e ¹	s j e ¹					
10274		v a t ¹														v a t ¹
10171							t i ŋ ¹	t i ŋ ¹								
1628					l o k ¹							l o k ¹				
4057				k u ŋ ¹			k u ŋ ¹									
5928		tʰ j aːu ¹											tʰ j aːu ¹			
5962				j i ¹												j i ¹
3130								j o ¹	j o ¹							
7488						k w aː ŋ ¹					k w aː ŋ ¹					
3953					h ai ¹							h ai ¹				
3129				k u ŋ ¹			kʰ o ŋ ¹									
4360						z a ¹										z a ¹
7100								kʰ a ŋ ¹	kʰ a ŋ ¹							
801						ˀd a ¹						ˀd a ¹				
800					ɕ o n ¹		s w ə n ¹									
3052										k ə ¹			k ə ¹			
2087	s ɿ ¹															s ɿ ¹
3053	k w a n ¹					k w a n ¹										
3769								ⁿb aː n ¹	ⁿb aː n ¹							
2249		t j aːi ¹											t j aːi ¹			
2267		t j aːi ¹											t j aːi ¹			
2268		m j aː k ¹											m j aː k ¹			
108													t u ŋ ¹	t u ŋ ¹		
172								k a ¹	k a ¹							
173								p aː ŋ ¹	p aː ŋ ¹							
9324					v ə n ¹							v ə n ¹				
8261		ȶ i n ¹											ȶ i n ¹			
8398		pʰ j a ¹											pʰ j a ¹			
9200		t j ə t ¹											t j ə t ¹			
8635										ɕ aː n ¹						ɕ aː n ¹
7552				h i ¹			h i ¹									
9809						q a ¹						k a ¹				
7870					ts e k ¹							ts e k ¹				
7903				s a ¹			s a ¹									
9565		l ui ¹											l ui ¹			
9952		ɕ o ¹											ɕ o ¹			
8141		ŋ u k ¹											ŋ̊ u k ¹			
8109			q o k ¹	k o k ¹												
8110								h o ŋ ¹	h o ŋ ¹							
8331								m j aː ŋ ¹	m j aː ŋ ¹							
9444					l a ¹							l a ¹				
9427		s o ŋ ¹											s o ŋ ¹			
8884						h e ¹										h e ¹
9366				h a ¹								h au ¹				
9546				h e ¹							h e ¹					
9368							ɕ j a ¹				s j e ¹					
8417								k o ¹	k o ¹							
7834				t a n ¹			t a n ¹									
7800		k u ¹											k u ¹			
9037							ŋ a ¹						ŋ a ¹			
9019		qʰ ai ¹											qʰ ai ¹			
10056										f aːi ¹				f aːi ¹		
9835		qʰ ai ¹											qʰ ai ¹			
8952		m a ŋ ¹											m a ŋ ¹			
8314					ˀd a p ¹		ⁿd a p ¹									
8382				h j u ¹			h j u ¹									
9339		kʰ au ¹					kʰ au ¹									
8617								ⁿd ai ¹	ⁿd ai ¹							
8208		l j o ¹											l j o ¹			
8449		k ə ¹													q ə ¹	
9918					t aː k ¹							ⁿd aː k ¹				
23				d aːu ¹							t aːu ¹					
11164		m õ ¹											m o ¹			
11132		m õ ¹											m o ¹			
6418		ȶ aːi ¹												ȶ aːi ¹		
10738								pʰ u ¹	pʰ u ¹							
10688				ts ə m ¹							ts j ə m ¹					
10655				au ¹			au ¹									
3824		q aːu ¹											q aːu ¹			
258				tʰ əː t ¹					tʰ j e t ¹							
259								l ə t ¹			l ə t ¹					
10450					k u ŋ ¹							k u ŋ ¹				
5284		h aːu ¹											h aːu ¹			
11071						k ai ¹	k ai ¹									
2358				qʰ ui ¹			qʰ ui ¹									
3697		l aːu ¹											l aːu ¹			
10717				ⁿd w ə ¹			ⁿd w ə ¹									
5723		kʰ a ¹											x a ¹			
3318		f u ¹											f u ¹			
6313														ts u t ¹	pʰ u t ¹	
7121						ʔ w a ¹						ʔ w a ¹				
7122				n j a ¹			n j a ¹									
4143		ȶ o ¹											ȶ o ¹			
5706		s e ŋ ¹											s e ŋ ¹			
7192				qʰ a n ¹			qʰ a n ¹									
2725				h̃ j u ¹			h̃ j u ¹									
5982				t u n ¹			t w ə n ¹									
2413		k aːi ¹										q aːi ¹				
6243		l i n ¹											l i n ¹			
5569						ȶʰ a ¹					ȶʰ a ¹					
2447		p ui ¹											p ui ¹			
5826						h u ¹					h u ¹					
5825				p j a ¹			p j a ¹									
3415							h̃ w aː t ¹						h̃ w aː t ¹			
3195		l aːi ¹											l aːi ¹			
227				ɕ i ¹			ɕ i ¹									
2890				t i ¹			t i ¹									
3792		h aːu ¹											h aːu ¹			
3917													ȶʰ a ¹		ȶʰ a ¹	
3918		ɣ ə t ¹													ɣ ə t ¹	
2322													p j aːi ¹	p j aːi ¹		
2320					t aː ŋ ¹	t aː ŋ ¹										
3915						v j au ¹					v j au ¹					
